TimeQuest Timing Analyzer report for Lab2
Wed Oct 07 11:50:25 2026
Quartus II 64-Bit Version 13.0.1 Build 232 06/12/2013 Service Pack 1 SJ Web Edition


---------------------
; Table of Contents ;
---------------------
  1. Legal Notice
  2. TimeQuest Timing Analyzer Summary
  3. Parallel Compilation
  4. SDC File List
  5. Clocks
  6. Slow 1200mV 85C Model Fmax Summary
  7. Timing Closure Recommendations
  8. Slow 1200mV 85C Model Setup Summary
  9. Slow 1200mV 85C Model Hold Summary
 10. Slow 1200mV 85C Model Recovery Summary
 11. Slow 1200mV 85C Model Removal Summary
 12. Slow 1200mV 85C Model Minimum Pulse Width Summary
 13. Slow 1200mV 85C Model Setup: 'CLK'
 14. Slow 1200mV 85C Model Hold: 'CLK'
 15. Slow 1200mV 85C Model Minimum Pulse Width: 'CLK'
 16. Clock to Output Times
 17. Minimum Clock to Output Times
 18. Slow 1200mV 85C Model Metastability Report
 19. Slow 1200mV 0C Model Fmax Summary
 20. Slow 1200mV 0C Model Setup Summary
 21. Slow 1200mV 0C Model Hold Summary
 22. Slow 1200mV 0C Model Recovery Summary
 23. Slow 1200mV 0C Model Removal Summary
 24. Slow 1200mV 0C Model Minimum Pulse Width Summary
 25. Slow 1200mV 0C Model Setup: 'CLK'
 26. Slow 1200mV 0C Model Hold: 'CLK'
 27. Slow 1200mV 0C Model Minimum Pulse Width: 'CLK'
 28. Clock to Output Times
 29. Minimum Clock to Output Times
 30. Slow 1200mV 0C Model Metastability Report
 31. Fast 1200mV 0C Model Setup Summary
 32. Fast 1200mV 0C Model Hold Summary
 33. Fast 1200mV 0C Model Recovery Summary
 34. Fast 1200mV 0C Model Removal Summary
 35. Fast 1200mV 0C Model Minimum Pulse Width Summary
 36. Fast 1200mV 0C Model Setup: 'CLK'
 37. Fast 1200mV 0C Model Hold: 'CLK'
 38. Fast 1200mV 0C Model Minimum Pulse Width: 'CLK'
 39. Clock to Output Times
 40. Minimum Clock to Output Times
 41. Fast 1200mV 0C Model Metastability Report
 42. Multicorner Timing Analysis Summary
 43. Clock to Output Times
 44. Minimum Clock to Output Times
 45. Board Trace Model Assignments
 46. Input Transition Times
 47. Signal Integrity Metrics (Slow 1200mv 0c Model)
 48. Signal Integrity Metrics (Slow 1200mv 85c Model)
 49. Signal Integrity Metrics (Fast 1200mv 0c Model)
 50. Setup Transfers
 51. Hold Transfers
 52. Report TCCS
 53. Report RSKM
 54. Unconstrained Paths
 55. TimeQuest Timing Analyzer Messages



----------------
; Legal Notice ;
----------------
Copyright (C) 1991-2013 Altera Corporation
Your use of Altera Corporation's design tools, logic functions 
and other software and tools, and its AMPP partner logic 
functions, and any output files from any of the foregoing 
(including device programming or simulation files), and any 
associated documentation or information are expressly subject 
to the terms and conditions of the Altera Program License 
Subscription Agreement, Altera MegaCore Function License 
Agreement, or other applicable license agreement, including, 
without limitation, that your use is for the sole purpose of 
programming logic devices manufactured by Altera and sold by 
Altera or its authorized distributors.  Please refer to the 
applicable agreement for further details.



+----------------------------------------------------------------------------------------+
; TimeQuest Timing Analyzer Summary                                                      ;
+--------------------+-------------------------------------------------------------------+
; Quartus II Version ; Version 13.0.1 Build 232 06/12/2013 Service Pack 1 SJ Web Edition ;
; Revision Name      ; Lab2                                                              ;
; Device Family      ; Cyclone IV E                                                      ;
; Device Name        ; EP4CE115F29C7                                                     ;
; Timing Models      ; Final                                                             ;
; Delay Model        ; Combined                                                          ;
; Rise/Fall Delays   ; Enabled                                                           ;
+--------------------+-------------------------------------------------------------------+


Parallel compilation was disabled, but you have multiple processors available. Enable parallel compilation to reduce compilation time.
+-------------------------------------+
; Parallel Compilation                ;
+----------------------------+--------+
; Processors                 ; Number ;
+----------------------------+--------+
; Number detected on machine ; 20     ;
; Maximum allowed            ; 1      ;
+----------------------------+--------+


+---------------------------------------------------+
; SDC File List                                     ;
+---------------+--------+--------------------------+
; SDC File Path ; Status ; Read at                  ;
+---------------+--------+--------------------------+
; Lab2.sdc      ; OK     ; Wed Oct 07 11:50:23 2026 ;
+---------------+--------+--------------------------+


+---------------------------------------------------------------------------------------------------------------------------------------------------------------------------------+
; Clocks                                                                                                                                                                          ;
+------------+------+--------+------------+-------+-------+------------+-----------+-------------+-------+--------+-----------+------------+----------+--------+--------+---------+
; Clock Name ; Type ; Period ; Frequency  ; Rise  ; Fall  ; Duty Cycle ; Divide by ; Multiply by ; Phase ; Offset ; Edge List ; Edge Shift ; Inverted ; Master ; Source ; Targets ;
+------------+------+--------+------------+-------+-------+------------+-----------+-------------+-------+--------+-----------+------------+----------+--------+--------+---------+
; CLK        ; Base ; 1.000  ; 1000.0 MHz ; 0.000 ; 0.500 ;            ;           ;             ;       ;        ;           ;            ;          ;        ;        ; { CLK } ;
+------------+------+--------+------------+-------+-------+------------+-----------+-------------+-------+--------+-----------+------------+----------+--------+--------+---------+


+-----------------------------------------------------------------------------------------------------------+
; Slow 1200mV 85C Model Fmax Summary                                                                        ;
+------------+-----------------+------------+---------------------------------------------------------------+
; Fmax       ; Restricted Fmax ; Clock Name ; Note                                                          ;
+------------+-----------------+------------+---------------------------------------------------------------+
; 648.93 MHz ; 250.0 MHz       ; CLK        ; limit due to minimum period restriction (max I/O toggle rate) ;
+------------+-----------------+------------+---------------------------------------------------------------+
This panel reports FMAX for every clock in the design, regardless of the user-specified clock periods.  FMAX is only computed for paths where the source and destination registers or ports are driven by the same clock.  Paths of different clocks, including generated clocks, are ignored.  For paths between a clock and its inversion, FMAX is computed as if the rising and falling edges are scaled along with FMAX, such that the duty cycle (in terms of a percentage) is maintained. Altera recommends that you always use clock constraints and other slack reports for sign-off analysis.


----------------------------------
; Timing Closure Recommendations ;
----------------------------------
HTML report is unavailable in plain text report export.


+-------------------------------------+
; Slow 1200mV 85C Model Setup Summary ;
+-------+--------+--------------------+
; Clock ; Slack  ; End Point TNS      ;
+-------+--------+--------------------+
; CLK   ; -0.541 ; -2.220             ;
+-------+--------+--------------------+


+------------------------------------+
; Slow 1200mV 85C Model Hold Summary ;
+-------+-------+--------------------+
; Clock ; Slack ; End Point TNS      ;
+-------+-------+--------------------+
; CLK   ; 0.402 ; 0.000              ;
+-------+-------+--------------------+


------------------------------------------
; Slow 1200mV 85C Model Recovery Summary ;
------------------------------------------
No paths to report.


-----------------------------------------
; Slow 1200mV 85C Model Removal Summary ;
-----------------------------------------
No paths to report.


+---------------------------------------------------+
; Slow 1200mV 85C Model Minimum Pulse Width Summary ;
+-------+--------+----------------------------------+
; Clock ; Slack  ; End Point TNS                    ;
+-------+--------+----------------------------------+
; CLK   ; -3.000 ; -11.995                          ;
+-------+--------+----------------------------------+


+------------------------------------------------------------------------------------------------------------------+
; Slow 1200mV 85C Model Setup: 'CLK'                                                                               ;
+--------+-----------------+-----------------+--------------+-------------+--------------+------------+------------+
; Slack  ; From Node       ; To Node         ; Launch Clock ; Latch Clock ; Relationship ; Clock Skew ; Data Delay ;
+--------+-----------------+-----------------+--------------+-------------+--------------+------------+------------+
; -0.541 ; BCD:inst|inst   ; MOD:inst1|inst1 ; CLK          ; CLK         ; 1.000        ; -0.081     ; 1.458      ;
; -0.529 ; MOD:inst1|inst1 ; MOD:inst1|inst  ; CLK          ; CLK         ; 1.000        ; -0.081     ; 1.446      ;
; -0.453 ; MOD:inst1|inst2 ; MOD:inst1|inst1 ; CLK          ; CLK         ; 1.000        ; -0.081     ; 1.370      ;
; -0.429 ; MOD:inst1|inst  ; MOD:inst1|inst  ; CLK          ; CLK         ; 1.000        ; -0.081     ; 1.346      ;
; -0.384 ; BCD:inst|inst4  ; BCD:inst|inst   ; CLK          ; CLK         ; 1.000        ; -0.081     ; 1.301      ;
; -0.321 ; BCD:inst|inst4  ; MOD:inst1|inst  ; CLK          ; CLK         ; 1.000        ; -0.081     ; 1.238      ;
; -0.311 ; BCD:inst|inst4  ; MOD:inst1|inst1 ; CLK          ; CLK         ; 1.000        ; -0.081     ; 1.228      ;
; -0.299 ; BCD:inst|inst4  ; BCD:inst|inst3  ; CLK          ; CLK         ; 1.000        ; -0.081     ; 1.216      ;
; -0.244 ; MOD:inst1|inst2 ; MOD:inst1|inst  ; CLK          ; CLK         ; 1.000        ; -0.081     ; 1.161      ;
; -0.234 ; BCD:inst|inst4  ; BCD:inst|inst2  ; CLK          ; CLK         ; 1.000        ; -0.081     ; 1.151      ;
; -0.233 ; BCD:inst|inst4  ; MOD:inst1|inst2 ; CLK          ; CLK         ; 1.000        ; -0.081     ; 1.150      ;
; -0.232 ; BCD:inst|inst   ; MOD:inst1|inst  ; CLK          ; CLK         ; 1.000        ; -0.081     ; 1.149      ;
; -0.203 ; MOD:inst1|inst  ; MOD:inst1|inst1 ; CLK          ; CLK         ; 1.000        ; -0.081     ; 1.120      ;
; -0.179 ; BCD:inst|inst2  ; BCD:inst|inst   ; CLK          ; CLK         ; 1.000        ; -0.081     ; 1.096      ;
; -0.085 ; BCD:inst|inst   ; BCD:inst|inst3  ; CLK          ; CLK         ; 1.000        ; -0.081     ; 1.002      ;
; -0.085 ; BCD:inst|inst   ; MOD:inst1|inst2 ; CLK          ; CLK         ; 1.000        ; -0.081     ; 1.002      ;
; 0.087  ; BCD:inst|inst3  ; BCD:inst|inst2  ; CLK          ; CLK         ; 1.000        ; -0.081     ; 0.830      ;
; 0.092  ; BCD:inst|inst3  ; BCD:inst|inst   ; CLK          ; CLK         ; 1.000        ; -0.081     ; 0.825      ;
; 0.152  ; BCD:inst|inst4  ; BCD:inst|inst4  ; CLK          ; CLK         ; 1.000        ; -0.081     ; 0.765      ;
; 0.152  ; MOD:inst1|inst1 ; MOD:inst1|inst1 ; CLK          ; CLK         ; 1.000        ; -0.081     ; 0.765      ;
; 0.152  ; BCD:inst|inst   ; BCD:inst|inst   ; CLK          ; CLK         ; 1.000        ; -0.081     ; 0.765      ;
; 0.152  ; BCD:inst|inst3  ; BCD:inst|inst3  ; CLK          ; CLK         ; 1.000        ; -0.081     ; 0.765      ;
; 0.152  ; BCD:inst|inst2  ; BCD:inst|inst2  ; CLK          ; CLK         ; 1.000        ; -0.081     ; 0.765      ;
; 0.152  ; MOD:inst1|inst2 ; MOD:inst1|inst2 ; CLK          ; CLK         ; 1.000        ; -0.081     ; 0.765      ;
+--------+-----------------+-----------------+--------------+-------------+--------------+------------+------------+


+-----------------------------------------------------------------------------------------------------------------+
; Slow 1200mV 85C Model Hold: 'CLK'                                                                               ;
+-------+-----------------+-----------------+--------------+-------------+--------------+------------+------------+
; Slack ; From Node       ; To Node         ; Launch Clock ; Latch Clock ; Relationship ; Clock Skew ; Data Delay ;
+-------+-----------------+-----------------+--------------+-------------+--------------+------------+------------+
; 0.402 ; BCD:inst|inst3  ; BCD:inst|inst3  ; CLK          ; CLK         ; 0.000        ; 0.081      ; 0.669      ;
; 0.402 ; BCD:inst|inst2  ; BCD:inst|inst2  ; CLK          ; CLK         ; 0.000        ; 0.081      ; 0.669      ;
; 0.402 ; BCD:inst|inst   ; BCD:inst|inst   ; CLK          ; CLK         ; 0.000        ; 0.081      ; 0.669      ;
; 0.402 ; MOD:inst1|inst2 ; MOD:inst1|inst2 ; CLK          ; CLK         ; 0.000        ; 0.081      ; 0.669      ;
; 0.402 ; MOD:inst1|inst1 ; MOD:inst1|inst1 ; CLK          ; CLK         ; 0.000        ; 0.081      ; 0.669      ;
; 0.402 ; MOD:inst1|inst  ; MOD:inst1|inst  ; CLK          ; CLK         ; 0.000        ; 0.081      ; 0.669      ;
; 0.407 ; BCD:inst|inst4  ; BCD:inst|inst4  ; CLK          ; CLK         ; 0.000        ; 0.081      ; 0.674      ;
; 0.448 ; BCD:inst|inst3  ; BCD:inst|inst2  ; CLK          ; CLK         ; 0.000        ; 0.081      ; 0.715      ;
; 0.460 ; BCD:inst|inst3  ; BCD:inst|inst   ; CLK          ; CLK         ; 0.000        ; 0.081      ; 0.727      ;
; 0.629 ; BCD:inst|inst   ; BCD:inst|inst3  ; CLK          ; CLK         ; 0.000        ; 0.081      ; 0.896      ;
; 0.629 ; BCD:inst|inst   ; MOD:inst1|inst2 ; CLK          ; CLK         ; 0.000        ; 0.081      ; 0.896      ;
; 0.660 ; BCD:inst|inst2  ; BCD:inst|inst   ; CLK          ; CLK         ; 0.000        ; 0.081      ; 0.927      ;
; 0.668 ; BCD:inst|inst   ; MOD:inst1|inst  ; CLK          ; CLK         ; 0.000        ; 0.081      ; 0.935      ;
; 0.675 ; MOD:inst1|inst2 ; MOD:inst1|inst  ; CLK          ; CLK         ; 0.000        ; 0.081      ; 0.942      ;
; 0.691 ; BCD:inst|inst4  ; MOD:inst1|inst2 ; CLK          ; CLK         ; 0.000        ; 0.081      ; 0.958      ;
; 0.692 ; BCD:inst|inst4  ; BCD:inst|inst2  ; CLK          ; CLK         ; 0.000        ; 0.081      ; 0.959      ;
; 0.701 ; MOD:inst1|inst  ; MOD:inst1|inst1 ; CLK          ; CLK         ; 0.000        ; 0.081      ; 0.968      ;
; 0.712 ; BCD:inst|inst4  ; BCD:inst|inst3  ; CLK          ; CLK         ; 0.000        ; 0.081      ; 0.979      ;
; 0.817 ; BCD:inst|inst4  ; MOD:inst1|inst  ; CLK          ; CLK         ; 0.000        ; 0.081      ; 1.084      ;
; 0.820 ; BCD:inst|inst4  ; MOD:inst1|inst1 ; CLK          ; CLK         ; 0.000        ; 0.081      ; 1.087      ;
; 0.843 ; BCD:inst|inst4  ; BCD:inst|inst   ; CLK          ; CLK         ; 0.000        ; 0.081      ; 1.110      ;
; 0.932 ; MOD:inst1|inst2 ; MOD:inst1|inst1 ; CLK          ; CLK         ; 0.000        ; 0.081      ; 1.199      ;
; 1.004 ; MOD:inst1|inst1 ; MOD:inst1|inst  ; CLK          ; CLK         ; 0.000        ; 0.081      ; 1.271      ;
; 1.011 ; BCD:inst|inst   ; MOD:inst1|inst1 ; CLK          ; CLK         ; 0.000        ; 0.081      ; 1.278      ;
+-------+-----------------+-----------------+--------------+-------------+--------------+------------+------------+


+------------------------------------------------------------------------------------------------------------+
; Slow 1200mV 85C Model Minimum Pulse Width: 'CLK'                                                           ;
+--------+--------------+----------------+------------------+-------+------------+---------------------------+
; Slack  ; Actual Width ; Required Width ; Type             ; Clock ; Clock Edge ; Target                    ;
+--------+--------------+----------------+------------------+-------+------------+---------------------------+
; -3.000 ; 1.000        ; 4.000          ; Port Rate        ; CLK   ; Rise       ; CLK                       ;
; -1.285 ; 1.000        ; 2.285          ; Min Period       ; CLK   ; Rise       ; BCD:inst|inst             ;
; -1.285 ; 1.000        ; 2.285          ; Min Period       ; CLK   ; Rise       ; BCD:inst|inst2            ;
; -1.285 ; 1.000        ; 2.285          ; Min Period       ; CLK   ; Rise       ; BCD:inst|inst3            ;
; -1.285 ; 1.000        ; 2.285          ; Min Period       ; CLK   ; Rise       ; BCD:inst|inst4            ;
; -1.285 ; 1.000        ; 2.285          ; Min Period       ; CLK   ; Rise       ; MOD:inst1|inst            ;
; -1.285 ; 1.000        ; 2.285          ; Min Period       ; CLK   ; Rise       ; MOD:inst1|inst1           ;
; -1.285 ; 1.000        ; 2.285          ; Min Period       ; CLK   ; Rise       ; MOD:inst1|inst2           ;
; 0.261  ; 0.449        ; 0.188          ; Low Pulse Width  ; CLK   ; Rise       ; BCD:inst|inst             ;
; 0.261  ; 0.449        ; 0.188          ; Low Pulse Width  ; CLK   ; Rise       ; BCD:inst|inst2            ;
; 0.261  ; 0.449        ; 0.188          ; Low Pulse Width  ; CLK   ; Rise       ; BCD:inst|inst3            ;
; 0.261  ; 0.449        ; 0.188          ; Low Pulse Width  ; CLK   ; Rise       ; BCD:inst|inst4            ;
; 0.261  ; 0.449        ; 0.188          ; Low Pulse Width  ; CLK   ; Rise       ; MOD:inst1|inst            ;
; 0.261  ; 0.449        ; 0.188          ; Low Pulse Width  ; CLK   ; Rise       ; MOD:inst1|inst1           ;
; 0.261  ; 0.449        ; 0.188          ; Low Pulse Width  ; CLK   ; Rise       ; MOD:inst1|inst2           ;
; 0.330  ; 0.550        ; 0.220          ; High Pulse Width ; CLK   ; Rise       ; BCD:inst|inst             ;
; 0.330  ; 0.550        ; 0.220          ; High Pulse Width ; CLK   ; Rise       ; BCD:inst|inst2            ;
; 0.330  ; 0.550        ; 0.220          ; High Pulse Width ; CLK   ; Rise       ; BCD:inst|inst3            ;
; 0.330  ; 0.550        ; 0.220          ; High Pulse Width ; CLK   ; Rise       ; BCD:inst|inst4            ;
; 0.330  ; 0.550        ; 0.220          ; High Pulse Width ; CLK   ; Rise       ; MOD:inst1|inst            ;
; 0.330  ; 0.550        ; 0.220          ; High Pulse Width ; CLK   ; Rise       ; MOD:inst1|inst1           ;
; 0.330  ; 0.550        ; 0.220          ; High Pulse Width ; CLK   ; Rise       ; MOD:inst1|inst2           ;
; 0.394  ; 0.394        ; 0.000          ; Low Pulse Width  ; CLK   ; Rise       ; CLK~input|o               ;
; 0.408  ; 0.408        ; 0.000          ; Low Pulse Width  ; CLK   ; Rise       ; CLK~inputclkctrl|inclk[0] ;
; 0.408  ; 0.408        ; 0.000          ; Low Pulse Width  ; CLK   ; Rise       ; CLK~inputclkctrl|outclk   ;
; 0.414  ; 0.414        ; 0.000          ; Low Pulse Width  ; CLK   ; Rise       ; inst1|inst1|clk           ;
; 0.414  ; 0.414        ; 0.000          ; Low Pulse Width  ; CLK   ; Rise       ; inst1|inst2|clk           ;
; 0.414  ; 0.414        ; 0.000          ; Low Pulse Width  ; CLK   ; Rise       ; inst1|inst|clk            ;
; 0.414  ; 0.414        ; 0.000          ; Low Pulse Width  ; CLK   ; Rise       ; inst|inst2|clk            ;
; 0.414  ; 0.414        ; 0.000          ; Low Pulse Width  ; CLK   ; Rise       ; inst|inst3|clk            ;
; 0.414  ; 0.414        ; 0.000          ; Low Pulse Width  ; CLK   ; Rise       ; inst|inst4|clk            ;
; 0.414  ; 0.414        ; 0.000          ; Low Pulse Width  ; CLK   ; Rise       ; inst|inst|clk             ;
; 0.500  ; 0.500        ; 0.000          ; High Pulse Width ; CLK   ; Rise       ; CLK~input|i               ;
; 0.500  ; 0.500        ; 0.000          ; Low Pulse Width  ; CLK   ; Rise       ; CLK~input|i               ;
; 0.586  ; 0.586        ; 0.000          ; High Pulse Width ; CLK   ; Rise       ; inst1|inst1|clk           ;
; 0.586  ; 0.586        ; 0.000          ; High Pulse Width ; CLK   ; Rise       ; inst1|inst2|clk           ;
; 0.586  ; 0.586        ; 0.000          ; High Pulse Width ; CLK   ; Rise       ; inst1|inst|clk            ;
; 0.586  ; 0.586        ; 0.000          ; High Pulse Width ; CLK   ; Rise       ; inst|inst2|clk            ;
; 0.586  ; 0.586        ; 0.000          ; High Pulse Width ; CLK   ; Rise       ; inst|inst3|clk            ;
; 0.586  ; 0.586        ; 0.000          ; High Pulse Width ; CLK   ; Rise       ; inst|inst4|clk            ;
; 0.586  ; 0.586        ; 0.000          ; High Pulse Width ; CLK   ; Rise       ; inst|inst|clk             ;
; 0.592  ; 0.592        ; 0.000          ; High Pulse Width ; CLK   ; Rise       ; CLK~inputclkctrl|inclk[0] ;
; 0.592  ; 0.592        ; 0.000          ; High Pulse Width ; CLK   ; Rise       ; CLK~inputclkctrl|outclk   ;
; 0.606  ; 0.606        ; 0.000          ; High Pulse Width ; CLK   ; Rise       ; CLK~input|o               ;
+--------+--------------+----------------+------------------+-------+------------+---------------------------+


+-----------------------------------------------------------------------+
; Clock to Output Times                                                 ;
+-----------+------------+-------+-------+------------+-----------------+
; Data Port ; Clock Port ; Rise  ; Fall  ; Clock Edge ; Clock Reference ;
+-----------+------------+-------+-------+------------+-----------------+
; BQ0       ; CLK        ; 6.726 ; 6.689 ; Rise       ; CLK             ;
; BQ1       ; CLK        ; 6.738 ; 6.702 ; Rise       ; CLK             ;
; BQ2       ; CLK        ; 6.728 ; 6.691 ; Rise       ; CLK             ;
; BQ3       ; CLK        ; 6.758 ; 6.723 ; Rise       ; CLK             ;
; C60       ; CLK        ; 7.976 ; 7.900 ; Rise       ; CLK             ;
; Q0        ; CLK        ; 6.770 ; 6.729 ; Rise       ; CLK             ;
; Q1        ; CLK        ; 8.346 ; 8.233 ; Rise       ; CLK             ;
; Q2        ; CLK        ; 6.699 ; 6.663 ; Rise       ; CLK             ;
+-----------+------------+-------+-------+------------+-----------------+


+-----------------------------------------------------------------------+
; Minimum Clock to Output Times                                         ;
+-----------+------------+-------+-------+------------+-----------------+
; Data Port ; Clock Port ; Rise  ; Fall  ; Clock Edge ; Clock Reference ;
+-----------+------------+-------+-------+------------+-----------------+
; BQ0       ; CLK        ; 6.501 ; 6.463 ; Rise       ; CLK             ;
; BQ1       ; CLK        ; 6.513 ; 6.477 ; Rise       ; CLK             ;
; BQ2       ; CLK        ; 6.504 ; 6.466 ; Rise       ; CLK             ;
; BQ3       ; CLK        ; 6.533 ; 6.498 ; Rise       ; CLK             ;
; C60       ; CLK        ; 7.255 ; 7.173 ; Rise       ; CLK             ;
; Q0        ; CLK        ; 6.545 ; 6.504 ; Rise       ; CLK             ;
; Q1        ; CLK        ; 8.056 ; 7.946 ; Rise       ; CLK             ;
; Q2        ; CLK        ; 6.474 ; 6.438 ; Rise       ; CLK             ;
+-----------+------------+-------+-------+------------+-----------------+


----------------------------------------------
; Slow 1200mV 85C Model Metastability Report ;
----------------------------------------------
No synchronizer chains to report.


+-----------------------------------------------------------------------------------------------------------+
; Slow 1200mV 0C Model Fmax Summary                                                                         ;
+------------+-----------------+------------+---------------------------------------------------------------+
; Fmax       ; Restricted Fmax ; Clock Name ; Note                                                          ;
+------------+-----------------+------------+---------------------------------------------------------------+
; 720.46 MHz ; 250.0 MHz       ; CLK        ; limit due to minimum period restriction (max I/O toggle rate) ;
+------------+-----------------+------------+---------------------------------------------------------------+
This panel reports FMAX for every clock in the design, regardless of the user-specified clock periods.  FMAX is only computed for paths where the source and destination registers or ports are driven by the same clock.  Paths of different clocks, including generated clocks, are ignored.  For paths between a clock and its inversion, FMAX is computed as if the rising and falling edges are scaled along with FMAX, such that the duty cycle (in terms of a percentage) is maintained. Altera recommends that you always use clock constraints and other slack reports for sign-off analysis.


+------------------------------------+
; Slow 1200mV 0C Model Setup Summary ;
+-------+--------+-------------------+
; Clock ; Slack  ; End Point TNS     ;
+-------+--------+-------------------+
; CLK   ; -0.388 ; -1.389            ;
+-------+--------+-------------------+


+-----------------------------------+
; Slow 1200mV 0C Model Hold Summary ;
+-------+-------+-------------------+
; Clock ; Slack ; End Point TNS     ;
+-------+-------+-------------------+
; CLK   ; 0.354 ; 0.000             ;
+-------+-------+-------------------+


-----------------------------------------
; Slow 1200mV 0C Model Recovery Summary ;
-----------------------------------------
No paths to report.


----------------------------------------
; Slow 1200mV 0C Model Removal Summary ;
----------------------------------------
No paths to report.


+--------------------------------------------------+
; Slow 1200mV 0C Model Minimum Pulse Width Summary ;
+-------+--------+---------------------------------+
; Clock ; Slack  ; End Point TNS                   ;
+-------+--------+---------------------------------+
; CLK   ; -3.000 ; -11.995                         ;
+-------+--------+---------------------------------+


+------------------------------------------------------------------------------------------------------------------+
; Slow 1200mV 0C Model Setup: 'CLK'                                                                                ;
+--------+-----------------+-----------------+--------------+-------------+--------------+------------+------------+
; Slack  ; From Node       ; To Node         ; Launch Clock ; Latch Clock ; Relationship ; Clock Skew ; Data Delay ;
+--------+-----------------+-----------------+--------------+-------------+--------------+------------+------------+
; -0.388 ; BCD:inst|inst   ; MOD:inst1|inst1 ; CLK          ; CLK         ; 1.000        ; -0.072     ; 1.315      ;
; -0.371 ; MOD:inst1|inst1 ; MOD:inst1|inst  ; CLK          ; CLK         ; 1.000        ; -0.072     ; 1.298      ;
; -0.318 ; MOD:inst1|inst2 ; MOD:inst1|inst1 ; CLK          ; CLK         ; 1.000        ; -0.072     ; 1.245      ;
; -0.287 ; MOD:inst1|inst  ; MOD:inst1|inst  ; CLK          ; CLK         ; 1.000        ; -0.072     ; 1.214      ;
; -0.242 ; BCD:inst|inst4  ; BCD:inst|inst   ; CLK          ; CLK         ; 1.000        ; -0.072     ; 1.169      ;
; -0.206 ; BCD:inst|inst4  ; MOD:inst1|inst  ; CLK          ; CLK         ; 1.000        ; -0.072     ; 1.133      ;
; -0.187 ; BCD:inst|inst4  ; MOD:inst1|inst1 ; CLK          ; CLK         ; 1.000        ; -0.072     ; 1.114      ;
; -0.165 ; BCD:inst|inst4  ; BCD:inst|inst3  ; CLK          ; CLK         ; 1.000        ; -0.072     ; 1.092      ;
; -0.123 ; MOD:inst1|inst2 ; MOD:inst1|inst  ; CLK          ; CLK         ; 1.000        ; -0.072     ; 1.050      ;
; -0.112 ; BCD:inst|inst4  ; BCD:inst|inst2  ; CLK          ; CLK         ; 1.000        ; -0.072     ; 1.039      ;
; -0.111 ; BCD:inst|inst4  ; MOD:inst1|inst2 ; CLK          ; CLK         ; 1.000        ; -0.072     ; 1.038      ;
; -0.110 ; BCD:inst|inst   ; MOD:inst1|inst  ; CLK          ; CLK         ; 1.000        ; -0.072     ; 1.037      ;
; -0.080 ; MOD:inst1|inst  ; MOD:inst1|inst1 ; CLK          ; CLK         ; 1.000        ; -0.072     ; 1.007      ;
; -0.056 ; BCD:inst|inst2  ; BCD:inst|inst   ; CLK          ; CLK         ; 1.000        ; -0.072     ; 0.983      ;
; 0.023  ; BCD:inst|inst   ; BCD:inst|inst3  ; CLK          ; CLK         ; 1.000        ; -0.072     ; 0.904      ;
; 0.023  ; BCD:inst|inst   ; MOD:inst1|inst2 ; CLK          ; CLK         ; 1.000        ; -0.072     ; 0.904      ;
; 0.174  ; BCD:inst|inst3  ; BCD:inst|inst2  ; CLK          ; CLK         ; 1.000        ; -0.072     ; 0.753      ;
; 0.185  ; BCD:inst|inst3  ; BCD:inst|inst   ; CLK          ; CLK         ; 1.000        ; -0.072     ; 0.742      ;
; 0.244  ; BCD:inst|inst4  ; BCD:inst|inst4  ; CLK          ; CLK         ; 1.000        ; -0.072     ; 0.683      ;
; 0.244  ; MOD:inst1|inst1 ; MOD:inst1|inst1 ; CLK          ; CLK         ; 1.000        ; -0.072     ; 0.683      ;
; 0.244  ; BCD:inst|inst   ; BCD:inst|inst   ; CLK          ; CLK         ; 1.000        ; -0.072     ; 0.683      ;
; 0.244  ; BCD:inst|inst3  ; BCD:inst|inst3  ; CLK          ; CLK         ; 1.000        ; -0.072     ; 0.683      ;
; 0.244  ; BCD:inst|inst2  ; BCD:inst|inst2  ; CLK          ; CLK         ; 1.000        ; -0.072     ; 0.683      ;
; 0.244  ; MOD:inst1|inst2 ; MOD:inst1|inst2 ; CLK          ; CLK         ; 1.000        ; -0.072     ; 0.683      ;
+--------+-----------------+-----------------+--------------+-------------+--------------+------------+------------+


+-----------------------------------------------------------------------------------------------------------------+
; Slow 1200mV 0C Model Hold: 'CLK'                                                                                ;
+-------+-----------------+-----------------+--------------+-------------+--------------+------------+------------+
; Slack ; From Node       ; To Node         ; Launch Clock ; Latch Clock ; Relationship ; Clock Skew ; Data Delay ;
+-------+-----------------+-----------------+--------------+-------------+--------------+------------+------------+
; 0.354 ; BCD:inst|inst3  ; BCD:inst|inst3  ; CLK          ; CLK         ; 0.000        ; 0.072      ; 0.597      ;
; 0.354 ; BCD:inst|inst2  ; BCD:inst|inst2  ; CLK          ; CLK         ; 0.000        ; 0.072      ; 0.597      ;
; 0.354 ; BCD:inst|inst   ; BCD:inst|inst   ; CLK          ; CLK         ; 0.000        ; 0.072      ; 0.597      ;
; 0.354 ; MOD:inst1|inst2 ; MOD:inst1|inst2 ; CLK          ; CLK         ; 0.000        ; 0.072      ; 0.597      ;
; 0.354 ; MOD:inst1|inst1 ; MOD:inst1|inst1 ; CLK          ; CLK         ; 0.000        ; 0.072      ; 0.597      ;
; 0.354 ; MOD:inst1|inst  ; MOD:inst1|inst  ; CLK          ; CLK         ; 0.000        ; 0.072      ; 0.597      ;
; 0.365 ; BCD:inst|inst4  ; BCD:inst|inst4  ; CLK          ; CLK         ; 0.000        ; 0.072      ; 0.608      ;
; 0.405 ; BCD:inst|inst3  ; BCD:inst|inst2  ; CLK          ; CLK         ; 0.000        ; 0.072      ; 0.648      ;
; 0.424 ; BCD:inst|inst3  ; BCD:inst|inst   ; CLK          ; CLK         ; 0.000        ; 0.072      ; 0.667      ;
; 0.582 ; BCD:inst|inst   ; MOD:inst1|inst2 ; CLK          ; CLK         ; 0.000        ; 0.072      ; 0.825      ;
; 0.583 ; BCD:inst|inst   ; BCD:inst|inst3  ; CLK          ; CLK         ; 0.000        ; 0.072      ; 0.826      ;
; 0.604 ; BCD:inst|inst2  ; BCD:inst|inst   ; CLK          ; CLK         ; 0.000        ; 0.072      ; 0.847      ;
; 0.612 ; BCD:inst|inst   ; MOD:inst1|inst  ; CLK          ; CLK         ; 0.000        ; 0.072      ; 0.855      ;
; 0.618 ; MOD:inst1|inst2 ; MOD:inst1|inst  ; CLK          ; CLK         ; 0.000        ; 0.072      ; 0.861      ;
; 0.633 ; BCD:inst|inst4  ; BCD:inst|inst2  ; CLK          ; CLK         ; 0.000        ; 0.072      ; 0.876      ;
; 0.633 ; BCD:inst|inst4  ; MOD:inst1|inst2 ; CLK          ; CLK         ; 0.000        ; 0.072      ; 0.876      ;
; 0.638 ; MOD:inst1|inst  ; MOD:inst1|inst1 ; CLK          ; CLK         ; 0.000        ; 0.072      ; 0.881      ;
; 0.653 ; BCD:inst|inst4  ; BCD:inst|inst3  ; CLK          ; CLK         ; 0.000        ; 0.072      ; 0.896      ;
; 0.740 ; BCD:inst|inst4  ; MOD:inst1|inst  ; CLK          ; CLK         ; 0.000        ; 0.072      ; 0.983      ;
; 0.752 ; BCD:inst|inst4  ; MOD:inst1|inst1 ; CLK          ; CLK         ; 0.000        ; 0.072      ; 0.995      ;
; 0.782 ; BCD:inst|inst4  ; BCD:inst|inst   ; CLK          ; CLK         ; 0.000        ; 0.072      ; 1.025      ;
; 0.852 ; MOD:inst1|inst2 ; MOD:inst1|inst1 ; CLK          ; CLK         ; 0.000        ; 0.072      ; 1.095      ;
; 0.920 ; BCD:inst|inst   ; MOD:inst1|inst1 ; CLK          ; CLK         ; 0.000        ; 0.072      ; 1.163      ;
; 0.922 ; MOD:inst1|inst1 ; MOD:inst1|inst  ; CLK          ; CLK         ; 0.000        ; 0.072      ; 1.165      ;
+-------+-----------------+-----------------+--------------+-------------+--------------+------------+------------+


+------------------------------------------------------------------------------------------------------------+
; Slow 1200mV 0C Model Minimum Pulse Width: 'CLK'                                                            ;
+--------+--------------+----------------+------------------+-------+------------+---------------------------+
; Slack  ; Actual Width ; Required Width ; Type             ; Clock ; Clock Edge ; Target                    ;
+--------+--------------+----------------+------------------+-------+------------+---------------------------+
; -3.000 ; 1.000        ; 4.000          ; Port Rate        ; CLK   ; Rise       ; CLK                       ;
; -1.285 ; 1.000        ; 2.285          ; Min Period       ; CLK   ; Rise       ; BCD:inst|inst             ;
; -1.285 ; 1.000        ; 2.285          ; Min Period       ; CLK   ; Rise       ; BCD:inst|inst2            ;
; -1.285 ; 1.000        ; 2.285          ; Min Period       ; CLK   ; Rise       ; BCD:inst|inst3            ;
; -1.285 ; 1.000        ; 2.285          ; Min Period       ; CLK   ; Rise       ; BCD:inst|inst4            ;
; -1.285 ; 1.000        ; 2.285          ; Min Period       ; CLK   ; Rise       ; MOD:inst1|inst            ;
; -1.285 ; 1.000        ; 2.285          ; Min Period       ; CLK   ; Rise       ; MOD:inst1|inst1           ;
; -1.285 ; 1.000        ; 2.285          ; Min Period       ; CLK   ; Rise       ; MOD:inst1|inst2           ;
; 0.280  ; 0.466        ; 0.186          ; Low Pulse Width  ; CLK   ; Rise       ; BCD:inst|inst             ;
; 0.280  ; 0.466        ; 0.186          ; Low Pulse Width  ; CLK   ; Rise       ; BCD:inst|inst2            ;
; 0.280  ; 0.466        ; 0.186          ; Low Pulse Width  ; CLK   ; Rise       ; BCD:inst|inst3            ;
; 0.280  ; 0.466        ; 0.186          ; Low Pulse Width  ; CLK   ; Rise       ; BCD:inst|inst4            ;
; 0.280  ; 0.466        ; 0.186          ; Low Pulse Width  ; CLK   ; Rise       ; MOD:inst1|inst            ;
; 0.280  ; 0.466        ; 0.186          ; Low Pulse Width  ; CLK   ; Rise       ; MOD:inst1|inst1           ;
; 0.280  ; 0.466        ; 0.186          ; Low Pulse Width  ; CLK   ; Rise       ; MOD:inst1|inst2           ;
; 0.314  ; 0.532        ; 0.218          ; High Pulse Width ; CLK   ; Rise       ; BCD:inst|inst             ;
; 0.314  ; 0.532        ; 0.218          ; High Pulse Width ; CLK   ; Rise       ; BCD:inst|inst2            ;
; 0.314  ; 0.532        ; 0.218          ; High Pulse Width ; CLK   ; Rise       ; BCD:inst|inst3            ;
; 0.314  ; 0.532        ; 0.218          ; High Pulse Width ; CLK   ; Rise       ; BCD:inst|inst4            ;
; 0.314  ; 0.532        ; 0.218          ; High Pulse Width ; CLK   ; Rise       ; MOD:inst1|inst            ;
; 0.314  ; 0.532        ; 0.218          ; High Pulse Width ; CLK   ; Rise       ; MOD:inst1|inst1           ;
; 0.314  ; 0.532        ; 0.218          ; High Pulse Width ; CLK   ; Rise       ; MOD:inst1|inst2           ;
; 0.415  ; 0.415        ; 0.000          ; Low Pulse Width  ; CLK   ; Rise       ; CLK~input|o               ;
; 0.421  ; 0.421        ; 0.000          ; Low Pulse Width  ; CLK   ; Rise       ; CLK~inputclkctrl|inclk[0] ;
; 0.421  ; 0.421        ; 0.000          ; Low Pulse Width  ; CLK   ; Rise       ; CLK~inputclkctrl|outclk   ;
; 0.428  ; 0.428        ; 0.000          ; Low Pulse Width  ; CLK   ; Rise       ; inst1|inst1|clk           ;
; 0.428  ; 0.428        ; 0.000          ; Low Pulse Width  ; CLK   ; Rise       ; inst1|inst2|clk           ;
; 0.428  ; 0.428        ; 0.000          ; Low Pulse Width  ; CLK   ; Rise       ; inst1|inst|clk            ;
; 0.428  ; 0.428        ; 0.000          ; Low Pulse Width  ; CLK   ; Rise       ; inst|inst2|clk            ;
; 0.428  ; 0.428        ; 0.000          ; Low Pulse Width  ; CLK   ; Rise       ; inst|inst3|clk            ;
; 0.428  ; 0.428        ; 0.000          ; Low Pulse Width  ; CLK   ; Rise       ; inst|inst4|clk            ;
; 0.428  ; 0.428        ; 0.000          ; Low Pulse Width  ; CLK   ; Rise       ; inst|inst|clk             ;
; 0.500  ; 0.500        ; 0.000          ; High Pulse Width ; CLK   ; Rise       ; CLK~input|i               ;
; 0.500  ; 0.500        ; 0.000          ; Low Pulse Width  ; CLK   ; Rise       ; CLK~input|i               ;
; 0.572  ; 0.572        ; 0.000          ; High Pulse Width ; CLK   ; Rise       ; inst1|inst1|clk           ;
; 0.572  ; 0.572        ; 0.000          ; High Pulse Width ; CLK   ; Rise       ; inst1|inst2|clk           ;
; 0.572  ; 0.572        ; 0.000          ; High Pulse Width ; CLK   ; Rise       ; inst1|inst|clk            ;
; 0.572  ; 0.572        ; 0.000          ; High Pulse Width ; CLK   ; Rise       ; inst|inst2|clk            ;
; 0.572  ; 0.572        ; 0.000          ; High Pulse Width ; CLK   ; Rise       ; inst|inst3|clk            ;
; 0.572  ; 0.572        ; 0.000          ; High Pulse Width ; CLK   ; Rise       ; inst|inst4|clk            ;
; 0.572  ; 0.572        ; 0.000          ; High Pulse Width ; CLK   ; Rise       ; inst|inst|clk             ;
; 0.579  ; 0.579        ; 0.000          ; High Pulse Width ; CLK   ; Rise       ; CLK~inputclkctrl|inclk[0] ;
; 0.579  ; 0.579        ; 0.000          ; High Pulse Width ; CLK   ; Rise       ; CLK~inputclkctrl|outclk   ;
; 0.585  ; 0.585        ; 0.000          ; High Pulse Width ; CLK   ; Rise       ; CLK~input|o               ;
+--------+--------------+----------------+------------------+-------+------------+---------------------------+


+-----------------------------------------------------------------------+
; Clock to Output Times                                                 ;
+-----------+------------+-------+-------+------------+-----------------+
; Data Port ; Clock Port ; Rise  ; Fall  ; Clock Edge ; Clock Reference ;
+-----------+------------+-------+-------+------------+-----------------+
; BQ0       ; CLK        ; 6.054 ; 6.006 ; Rise       ; CLK             ;
; BQ1       ; CLK        ; 6.065 ; 6.020 ; Rise       ; CLK             ;
; BQ2       ; CLK        ; 6.057 ; 6.011 ; Rise       ; CLK             ;
; BQ3       ; CLK        ; 6.087 ; 6.043 ; Rise       ; CLK             ;
; C60       ; CLK        ; 7.227 ; 7.080 ; Rise       ; CLK             ;
; Q0        ; CLK        ; 6.098 ; 6.051 ; Rise       ; CLK             ;
; Q1        ; CLK        ; 7.573 ; 7.390 ; Rise       ; CLK             ;
; Q2        ; CLK        ; 6.028 ; 5.984 ; Rise       ; CLK             ;
+-----------+------------+-------+-------+------------+-----------------+


+-----------------------------------------------------------------------+
; Minimum Clock to Output Times                                         ;
+-----------+------------+-------+-------+------------+-----------------+
; Data Port ; Clock Port ; Rise  ; Fall  ; Clock Edge ; Clock Reference ;
+-----------+------------+-------+-------+------------+-----------------+
; BQ0       ; CLK        ; 5.835 ; 5.788 ; Rise       ; CLK             ;
; BQ1       ; CLK        ; 5.846 ; 5.803 ; Rise       ; CLK             ;
; BQ2       ; CLK        ; 5.838 ; 5.794 ; Rise       ; CLK             ;
; BQ3       ; CLK        ; 5.869 ; 5.826 ; Rise       ; CLK             ;
; C60       ; CLK        ; 6.545 ; 6.419 ; Rise       ; CLK             ;
; Q0        ; CLK        ; 5.880 ; 5.834 ; Rise       ; CLK             ;
; Q1        ; CLK        ; 7.293 ; 7.117 ; Rise       ; CLK             ;
; Q2        ; CLK        ; 5.810 ; 5.766 ; Rise       ; CLK             ;
+-----------+------------+-------+-------+------------+-----------------+


---------------------------------------------
; Slow 1200mV 0C Model Metastability Report ;
---------------------------------------------
No synchronizer chains to report.


+------------------------------------+
; Fast 1200mV 0C Model Setup Summary ;
+-------+-------+--------------------+
; Clock ; Slack ; End Point TNS      ;
+-------+-------+--------------------+
; CLK   ; 0.244 ; 0.000              ;
+-------+-------+--------------------+


+-----------------------------------+
; Fast 1200mV 0C Model Hold Summary ;
+-------+-------+-------------------+
; Clock ; Slack ; End Point TNS     ;
+-------+-------+-------------------+
; CLK   ; 0.181 ; 0.000             ;
+-------+-------+-------------------+


-----------------------------------------
; Fast 1200mV 0C Model Recovery Summary ;
-----------------------------------------
No paths to report.


----------------------------------------
; Fast 1200mV 0C Model Removal Summary ;
----------------------------------------
No paths to report.


+--------------------------------------------------+
; Fast 1200mV 0C Model Minimum Pulse Width Summary ;
+-------+--------+---------------------------------+
; Clock ; Slack  ; End Point TNS                   ;
+-------+--------+---------------------------------+
; CLK   ; -3.000 ; -10.392                         ;
+-------+--------+---------------------------------+


+-----------------------------------------------------------------------------------------------------------------+
; Fast 1200mV 0C Model Setup: 'CLK'                                                                               ;
+-------+-----------------+-----------------+--------------+-------------+--------------+------------+------------+
; Slack ; From Node       ; To Node         ; Launch Clock ; Latch Clock ; Relationship ; Clock Skew ; Data Delay ;
+-------+-----------------+-----------------+--------------+-------------+--------------+------------+------------+
; 0.244 ; BCD:inst|inst   ; MOD:inst1|inst1 ; CLK          ; CLK         ; 1.000        ; -0.042     ; 0.701      ;
; 0.250 ; MOD:inst1|inst1 ; MOD:inst1|inst  ; CLK          ; CLK         ; 1.000        ; -0.042     ; 0.695      ;
; 0.294 ; MOD:inst1|inst2 ; MOD:inst1|inst1 ; CLK          ; CLK         ; 1.000        ; -0.042     ; 0.651      ;
; 0.303 ; MOD:inst1|inst  ; MOD:inst1|inst  ; CLK          ; CLK         ; 1.000        ; -0.042     ; 0.642      ;
; 0.312 ; BCD:inst|inst4  ; BCD:inst|inst   ; CLK          ; CLK         ; 1.000        ; -0.042     ; 0.633      ;
; 0.356 ; BCD:inst|inst4  ; MOD:inst1|inst  ; CLK          ; CLK         ; 1.000        ; -0.042     ; 0.589      ;
; 0.361 ; BCD:inst|inst4  ; MOD:inst1|inst1 ; CLK          ; CLK         ; 1.000        ; -0.042     ; 0.584      ;
; 0.362 ; BCD:inst|inst4  ; BCD:inst|inst3  ; CLK          ; CLK         ; 1.000        ; -0.042     ; 0.583      ;
; 0.386 ; MOD:inst1|inst2 ; MOD:inst1|inst  ; CLK          ; CLK         ; 1.000        ; -0.042     ; 0.559      ;
; 0.393 ; BCD:inst|inst4  ; BCD:inst|inst2  ; CLK          ; CLK         ; 1.000        ; -0.042     ; 0.552      ;
; 0.394 ; BCD:inst|inst4  ; MOD:inst1|inst2 ; CLK          ; CLK         ; 1.000        ; -0.042     ; 0.551      ;
; 0.394 ; BCD:inst|inst   ; MOD:inst1|inst  ; CLK          ; CLK         ; 1.000        ; -0.042     ; 0.551      ;
; 0.409 ; MOD:inst1|inst  ; MOD:inst1|inst1 ; CLK          ; CLK         ; 1.000        ; -0.042     ; 0.536      ;
; 0.419 ; BCD:inst|inst2  ; BCD:inst|inst   ; CLK          ; CLK         ; 1.000        ; -0.042     ; 0.526      ;
; 0.461 ; BCD:inst|inst   ; MOD:inst1|inst2 ; CLK          ; CLK         ; 1.000        ; -0.042     ; 0.484      ;
; 0.465 ; BCD:inst|inst   ; BCD:inst|inst3  ; CLK          ; CLK         ; 1.000        ; -0.042     ; 0.480      ;
; 0.552 ; BCD:inst|inst3  ; BCD:inst|inst   ; CLK          ; CLK         ; 1.000        ; -0.042     ; 0.393      ;
; 0.556 ; BCD:inst|inst3  ; BCD:inst|inst2  ; CLK          ; CLK         ; 1.000        ; -0.042     ; 0.389      ;
; 0.586 ; BCD:inst|inst4  ; BCD:inst|inst4  ; CLK          ; CLK         ; 1.000        ; -0.042     ; 0.359      ;
; 0.586 ; MOD:inst1|inst1 ; MOD:inst1|inst1 ; CLK          ; CLK         ; 1.000        ; -0.042     ; 0.359      ;
; 0.586 ; BCD:inst|inst   ; BCD:inst|inst   ; CLK          ; CLK         ; 1.000        ; -0.042     ; 0.359      ;
; 0.586 ; BCD:inst|inst3  ; BCD:inst|inst3  ; CLK          ; CLK         ; 1.000        ; -0.042     ; 0.359      ;
; 0.586 ; BCD:inst|inst2  ; BCD:inst|inst2  ; CLK          ; CLK         ; 1.000        ; -0.042     ; 0.359      ;
; 0.586 ; MOD:inst1|inst2 ; MOD:inst1|inst2 ; CLK          ; CLK         ; 1.000        ; -0.042     ; 0.359      ;
+-------+-----------------+-----------------+--------------+-------------+--------------+------------+------------+


+-----------------------------------------------------------------------------------------------------------------+
; Fast 1200mV 0C Model Hold: 'CLK'                                                                                ;
+-------+-----------------+-----------------+--------------+-------------+--------------+------------+------------+
; Slack ; From Node       ; To Node         ; Launch Clock ; Latch Clock ; Relationship ; Clock Skew ; Data Delay ;
+-------+-----------------+-----------------+--------------+-------------+--------------+------------+------------+
; 0.181 ; BCD:inst|inst3  ; BCD:inst|inst3  ; CLK          ; CLK         ; 0.000        ; 0.042      ; 0.307      ;
; 0.181 ; BCD:inst|inst2  ; BCD:inst|inst2  ; CLK          ; CLK         ; 0.000        ; 0.042      ; 0.307      ;
; 0.181 ; BCD:inst|inst   ; BCD:inst|inst   ; CLK          ; CLK         ; 0.000        ; 0.042      ; 0.307      ;
; 0.181 ; MOD:inst1|inst2 ; MOD:inst1|inst2 ; CLK          ; CLK         ; 0.000        ; 0.042      ; 0.307      ;
; 0.181 ; MOD:inst1|inst1 ; MOD:inst1|inst1 ; CLK          ; CLK         ; 0.000        ; 0.042      ; 0.307      ;
; 0.181 ; MOD:inst1|inst  ; MOD:inst1|inst  ; CLK          ; CLK         ; 0.000        ; 0.042      ; 0.307      ;
; 0.188 ; BCD:inst|inst4  ; BCD:inst|inst4  ; CLK          ; CLK         ; 0.000        ; 0.042      ; 0.314      ;
; 0.202 ; BCD:inst|inst3  ; BCD:inst|inst2  ; CLK          ; CLK         ; 0.000        ; 0.042      ; 0.328      ;
; 0.205 ; BCD:inst|inst3  ; BCD:inst|inst   ; CLK          ; CLK         ; 0.000        ; 0.042      ; 0.331      ;
; 0.280 ; BCD:inst|inst   ; MOD:inst1|inst2 ; CLK          ; CLK         ; 0.000        ; 0.042      ; 0.406      ;
; 0.284 ; BCD:inst|inst   ; BCD:inst|inst3  ; CLK          ; CLK         ; 0.000        ; 0.042      ; 0.410      ;
; 0.302 ; BCD:inst|inst2  ; BCD:inst|inst   ; CLK          ; CLK         ; 0.000        ; 0.042      ; 0.428      ;
; 0.306 ; BCD:inst|inst   ; MOD:inst1|inst  ; CLK          ; CLK         ; 0.000        ; 0.042      ; 0.432      ;
; 0.311 ; MOD:inst1|inst2 ; MOD:inst1|inst  ; CLK          ; CLK         ; 0.000        ; 0.042      ; 0.437      ;
; 0.320 ; BCD:inst|inst4  ; MOD:inst1|inst2 ; CLK          ; CLK         ; 0.000        ; 0.042      ; 0.446      ;
; 0.321 ; BCD:inst|inst4  ; BCD:inst|inst2  ; CLK          ; CLK         ; 0.000        ; 0.042      ; 0.447      ;
; 0.321 ; MOD:inst1|inst  ; MOD:inst1|inst1 ; CLK          ; CLK         ; 0.000        ; 0.042      ; 0.447      ;
; 0.331 ; BCD:inst|inst4  ; BCD:inst|inst3  ; CLK          ; CLK         ; 0.000        ; 0.042      ; 0.457      ;
; 0.371 ; BCD:inst|inst4  ; MOD:inst1|inst1 ; CLK          ; CLK         ; 0.000        ; 0.042      ; 0.497      ;
; 0.375 ; BCD:inst|inst4  ; MOD:inst1|inst  ; CLK          ; CLK         ; 0.000        ; 0.042      ; 0.501      ;
; 0.378 ; BCD:inst|inst4  ; BCD:inst|inst   ; CLK          ; CLK         ; 0.000        ; 0.042      ; 0.504      ;
; 0.425 ; MOD:inst1|inst2 ; MOD:inst1|inst1 ; CLK          ; CLK         ; 0.000        ; 0.042      ; 0.551      ;
; 0.452 ; MOD:inst1|inst1 ; MOD:inst1|inst  ; CLK          ; CLK         ; 0.000        ; 0.042      ; 0.578      ;
; 0.461 ; BCD:inst|inst   ; MOD:inst1|inst1 ; CLK          ; CLK         ; 0.000        ; 0.042      ; 0.587      ;
+-------+-----------------+-----------------+--------------+-------------+--------------+------------+------------+


+------------------------------------------------------------------------------------------------------------+
; Fast 1200mV 0C Model Minimum Pulse Width: 'CLK'                                                            ;
+--------+--------------+----------------+------------------+-------+------------+---------------------------+
; Slack  ; Actual Width ; Required Width ; Type             ; Clock ; Clock Edge ; Target                    ;
+--------+--------------+----------------+------------------+-------+------------+---------------------------+
; -3.000 ; 1.000        ; 4.000          ; Port Rate        ; CLK   ; Rise       ; CLK                       ;
; -1.000 ; 1.000        ; 2.000          ; Min Period       ; CLK   ; Rise       ; BCD:inst|inst             ;
; -1.000 ; 1.000        ; 2.000          ; Min Period       ; CLK   ; Rise       ; BCD:inst|inst2            ;
; -1.000 ; 1.000        ; 2.000          ; Min Period       ; CLK   ; Rise       ; BCD:inst|inst3            ;
; -1.000 ; 1.000        ; 2.000          ; Min Period       ; CLK   ; Rise       ; BCD:inst|inst4            ;
; -1.000 ; 1.000        ; 2.000          ; Min Period       ; CLK   ; Rise       ; MOD:inst1|inst            ;
; -1.000 ; 1.000        ; 2.000          ; Min Period       ; CLK   ; Rise       ; MOD:inst1|inst1           ;
; -1.000 ; 1.000        ; 2.000          ; Min Period       ; CLK   ; Rise       ; MOD:inst1|inst2           ;
; -0.056 ; 0.128        ; 0.184          ; Low Pulse Width  ; CLK   ; Rise       ; BCD:inst|inst             ;
; -0.056 ; 0.128        ; 0.184          ; Low Pulse Width  ; CLK   ; Rise       ; BCD:inst|inst2            ;
; -0.056 ; 0.128        ; 0.184          ; Low Pulse Width  ; CLK   ; Rise       ; BCD:inst|inst3            ;
; -0.056 ; 0.128        ; 0.184          ; Low Pulse Width  ; CLK   ; Rise       ; BCD:inst|inst4            ;
; -0.056 ; 0.128        ; 0.184          ; Low Pulse Width  ; CLK   ; Rise       ; MOD:inst1|inst            ;
; -0.056 ; 0.128        ; 0.184          ; Low Pulse Width  ; CLK   ; Rise       ; MOD:inst1|inst1           ;
; -0.056 ; 0.128        ; 0.184          ; Low Pulse Width  ; CLK   ; Rise       ; MOD:inst1|inst2           ;
; 0.121  ; 0.121        ; 0.000          ; Low Pulse Width  ; CLK   ; Rise       ; CLK~input|o               ;
; 0.124  ; 0.124        ; 0.000          ; Low Pulse Width  ; CLK   ; Rise       ; inst1|inst1|clk           ;
; 0.124  ; 0.124        ; 0.000          ; Low Pulse Width  ; CLK   ; Rise       ; inst1|inst2|clk           ;
; 0.124  ; 0.124        ; 0.000          ; Low Pulse Width  ; CLK   ; Rise       ; inst1|inst|clk            ;
; 0.124  ; 0.124        ; 0.000          ; Low Pulse Width  ; CLK   ; Rise       ; inst|inst2|clk            ;
; 0.124  ; 0.124        ; 0.000          ; Low Pulse Width  ; CLK   ; Rise       ; inst|inst3|clk            ;
; 0.124  ; 0.124        ; 0.000          ; Low Pulse Width  ; CLK   ; Rise       ; inst|inst4|clk            ;
; 0.124  ; 0.124        ; 0.000          ; Low Pulse Width  ; CLK   ; Rise       ; inst|inst|clk             ;
; 0.134  ; 0.134        ; 0.000          ; Low Pulse Width  ; CLK   ; Rise       ; CLK~inputclkctrl|inclk[0] ;
; 0.134  ; 0.134        ; 0.000          ; Low Pulse Width  ; CLK   ; Rise       ; CLK~inputclkctrl|outclk   ;
; 0.500  ; 0.500        ; 0.000          ; High Pulse Width ; CLK   ; Rise       ; CLK~input|i               ;
; 0.500  ; 0.500        ; 0.000          ; Low Pulse Width  ; CLK   ; Rise       ; CLK~input|i               ;
; 0.654  ; 0.870        ; 0.216          ; High Pulse Width ; CLK   ; Rise       ; BCD:inst|inst             ;
; 0.654  ; 0.870        ; 0.216          ; High Pulse Width ; CLK   ; Rise       ; BCD:inst|inst2            ;
; 0.654  ; 0.870        ; 0.216          ; High Pulse Width ; CLK   ; Rise       ; BCD:inst|inst3            ;
; 0.654  ; 0.870        ; 0.216          ; High Pulse Width ; CLK   ; Rise       ; BCD:inst|inst4            ;
; 0.654  ; 0.870        ; 0.216          ; High Pulse Width ; CLK   ; Rise       ; MOD:inst1|inst            ;
; 0.654  ; 0.870        ; 0.216          ; High Pulse Width ; CLK   ; Rise       ; MOD:inst1|inst1           ;
; 0.654  ; 0.870        ; 0.216          ; High Pulse Width ; CLK   ; Rise       ; MOD:inst1|inst2           ;
; 0.865  ; 0.865        ; 0.000          ; High Pulse Width ; CLK   ; Rise       ; CLK~inputclkctrl|inclk[0] ;
; 0.865  ; 0.865        ; 0.000          ; High Pulse Width ; CLK   ; Rise       ; CLK~inputclkctrl|outclk   ;
; 0.876  ; 0.876        ; 0.000          ; High Pulse Width ; CLK   ; Rise       ; inst1|inst1|clk           ;
; 0.876  ; 0.876        ; 0.000          ; High Pulse Width ; CLK   ; Rise       ; inst1|inst2|clk           ;
; 0.876  ; 0.876        ; 0.000          ; High Pulse Width ; CLK   ; Rise       ; inst1|inst|clk            ;
; 0.876  ; 0.876        ; 0.000          ; High Pulse Width ; CLK   ; Rise       ; inst|inst2|clk            ;
; 0.876  ; 0.876        ; 0.000          ; High Pulse Width ; CLK   ; Rise       ; inst|inst3|clk            ;
; 0.876  ; 0.876        ; 0.000          ; High Pulse Width ; CLK   ; Rise       ; inst|inst4|clk            ;
; 0.876  ; 0.876        ; 0.000          ; High Pulse Width ; CLK   ; Rise       ; inst|inst|clk             ;
; 0.879  ; 0.879        ; 0.000          ; High Pulse Width ; CLK   ; Rise       ; CLK~input|o               ;
+--------+--------------+----------------+------------------+-------+------------+---------------------------+


+-----------------------------------------------------------------------+
; Clock to Output Times                                                 ;
+-----------+------------+-------+-------+------------+-----------------+
; Data Port ; Clock Port ; Rise  ; Fall  ; Clock Edge ; Clock Reference ;
+-----------+------------+-------+-------+------------+-----------------+
; BQ0       ; CLK        ; 3.549 ; 3.592 ; Rise       ; CLK             ;
; BQ1       ; CLK        ; 3.568 ; 3.609 ; Rise       ; CLK             ;
; BQ2       ; CLK        ; 3.562 ; 3.602 ; Rise       ; CLK             ;
; BQ3       ; CLK        ; 3.592 ; 3.634 ; Rise       ; CLK             ;
; C60       ; CLK        ; 4.099 ; 4.207 ; Rise       ; CLK             ;
; Q0        ; CLK        ; 3.603 ; 3.643 ; Rise       ; CLK             ;
; Q1        ; CLK        ; 4.319 ; 4.446 ; Rise       ; CLK             ;
; Q2        ; CLK        ; 3.533 ; 3.574 ; Rise       ; CLK             ;
+-----------+------------+-------+-------+------------+-----------------+


+-----------------------------------------------------------------------+
; Minimum Clock to Output Times                                         ;
+-----------+------------+-------+-------+------------+-----------------+
; Data Port ; Clock Port ; Rise  ; Fall  ; Clock Edge ; Clock Reference ;
+-----------+------------+-------+-------+------------+-----------------+
; BQ0       ; CLK        ; 3.432 ; 3.473 ; Rise       ; CLK             ;
; BQ1       ; CLK        ; 3.451 ; 3.490 ; Rise       ; CLK             ;
; BQ2       ; CLK        ; 3.445 ; 3.484 ; Rise       ; CLK             ;
; BQ3       ; CLK        ; 3.475 ; 3.516 ; Rise       ; CLK             ;
; C60       ; CLK        ; 3.757 ; 3.832 ; Rise       ; CLK             ;
; Q0        ; CLK        ; 3.486 ; 3.525 ; Rise       ; CLK             ;
; Q1        ; CLK        ; 4.171 ; 4.293 ; Rise       ; CLK             ;
; Q2        ; CLK        ; 3.416 ; 3.456 ; Rise       ; CLK             ;
+-----------+------------+-------+-------+------------+-----------------+


---------------------------------------------
; Fast 1200mV 0C Model Metastability Report ;
---------------------------------------------
No synchronizer chains to report.


+------------------------------------------------------------------------------+
; Multicorner Timing Analysis Summary                                          ;
+------------------+--------+-------+----------+---------+---------------------+
; Clock            ; Setup  ; Hold  ; Recovery ; Removal ; Minimum Pulse Width ;
+------------------+--------+-------+----------+---------+---------------------+
; Worst-case Slack ; -0.541 ; 0.181 ; N/A      ; N/A     ; -3.000              ;
;  CLK             ; -0.541 ; 0.181 ; N/A      ; N/A     ; -3.000              ;
; Design-wide TNS  ; -2.22  ; 0.0   ; 0.0      ; 0.0     ; -11.995             ;
;  CLK             ; -2.220 ; 0.000 ; N/A      ; N/A     ; -11.995             ;
+------------------+--------+-------+----------+---------+---------------------+


+-----------------------------------------------------------------------+
; Clock to Output Times                                                 ;
+-----------+------------+-------+-------+------------+-----------------+
; Data Port ; Clock Port ; Rise  ; Fall  ; Clock Edge ; Clock Reference ;
+-----------+------------+-------+-------+------------+-----------------+
; BQ0       ; CLK        ; 6.726 ; 6.689 ; Rise       ; CLK             ;
; BQ1       ; CLK        ; 6.738 ; 6.702 ; Rise       ; CLK             ;
; BQ2       ; CLK        ; 6.728 ; 6.691 ; Rise       ; CLK             ;
; BQ3       ; CLK        ; 6.758 ; 6.723 ; Rise       ; CLK             ;
; C60       ; CLK        ; 7.976 ; 7.900 ; Rise       ; CLK             ;
; Q0        ; CLK        ; 6.770 ; 6.729 ; Rise       ; CLK             ;
; Q1        ; CLK        ; 8.346 ; 8.233 ; Rise       ; CLK             ;
; Q2        ; CLK        ; 6.699 ; 6.663 ; Rise       ; CLK             ;
+-----------+------------+-------+-------+------------+-----------------+


+-----------------------------------------------------------------------+
; Minimum Clock to Output Times                                         ;
+-----------+------------+-------+-------+------------+-----------------+
; Data Port ; Clock Port ; Rise  ; Fall  ; Clock Edge ; Clock Reference ;
+-----------+------------+-------+-------+------------+-----------------+
; BQ0       ; CLK        ; 3.432 ; 3.473 ; Rise       ; CLK             ;
; BQ1       ; CLK        ; 3.451 ; 3.490 ; Rise       ; CLK             ;
; BQ2       ; CLK        ; 3.445 ; 3.484 ; Rise       ; CLK             ;
; BQ3       ; CLK        ; 3.475 ; 3.516 ; Rise       ; CLK             ;
; C60       ; CLK        ; 3.757 ; 3.832 ; Rise       ; CLK             ;
; Q0        ; CLK        ; 3.486 ; 3.525 ; Rise       ; CLK             ;
; Q1        ; CLK        ; 4.171 ; 4.293 ; Rise       ; CLK             ;
; Q2        ; CLK        ; 3.416 ; 3.456 ; Rise       ; CLK             ;
+-----------+------------+-------+-------+------------+-----------------+


+------------------------------------------------------------------------------------------------------------------------------------------------------------------------------------------------------------------------------------------------------------------------------------------------------------------------------------------------------------------------------------------------------------------+
; Board Trace Model Assignments                                                                                                                                                                                                                                                                                                                                                                                    ;
+---------------+--------------+-------------------+-------------------------+-------------------------+---------------+---------------------+----------------+------------------+--------+------------------+------------------------+------------------------+--------------+---------------+-----------------+-------+---------------------+--------------------+---------------+-----------------+-------------+
; Pin           ; I/O Standard ; Near Tline Length ; Near Tline L per Length ; Near Tline C per Length ; Near Series R ; Near Differential R ; Near Pull-up R ; Near Pull-down R ; Near C ; Far Tline Length ; Far Tline L per Length ; Far Tline C per Length ; Far Series R ; Far Pull-up R ; Far Pull-down R ; Far C ; Termination Voltage ; Far Differential R ; EBD File Name ; EBD Signal Name ; EBD Far-end ;
+---------------+--------------+-------------------+-------------------------+-------------------------+---------------+---------------------+----------------+------------------+--------+------------------+------------------------+------------------------+--------------+---------------+-----------------+-------+---------------------+--------------------+---------------+-----------------+-------------+
; C60           ; 2.5 V        ; 0 in              ; 0 H/in                  ; 0 F/in                  ; short         ; -                   ; open           ; open             ; open   ; 0 in             ; 0 H/in                 ; 0 F/in                 ; short        ; open          ; open            ; open  ; 0 V                 ; -                  ; n/a           ; n/a             ; n/a         ;
; BQ3           ; 2.5 V        ; 0 in              ; 0 H/in                  ; 0 F/in                  ; short         ; -                   ; open           ; open             ; open   ; 0 in             ; 0 H/in                 ; 0 F/in                 ; short        ; open          ; open            ; open  ; 0 V                 ; -                  ; n/a           ; n/a             ; n/a         ;
; BQ2           ; 2.5 V        ; 0 in              ; 0 H/in                  ; 0 F/in                  ; short         ; -                   ; open           ; open             ; open   ; 0 in             ; 0 H/in                 ; 0 F/in                 ; short        ; open          ; open            ; open  ; 0 V                 ; -                  ; n/a           ; n/a             ; n/a         ;
; BQ1           ; 2.5 V        ; 0 in              ; 0 H/in                  ; 0 F/in                  ; short         ; -                   ; open           ; open             ; open   ; 0 in             ; 0 H/in                 ; 0 F/in                 ; short        ; open          ; open            ; open  ; 0 V                 ; -                  ; n/a           ; n/a             ; n/a         ;
; BQ0           ; 2.5 V        ; 0 in              ; 0 H/in                  ; 0 F/in                  ; short         ; -                   ; open           ; open             ; open   ; 0 in             ; 0 H/in                 ; 0 F/in                 ; short        ; open          ; open            ; open  ; 0 V                 ; -                  ; n/a           ; n/a             ; n/a         ;
; Q1            ; 2.5 V        ; 0 in              ; 0 H/in                  ; 0 F/in                  ; short         ; -                   ; open           ; open             ; open   ; 0 in             ; 0 H/in                 ; 0 F/in                 ; short        ; open          ; open            ; open  ; 0 V                 ; -                  ; n/a           ; n/a             ; n/a         ;
; Q0            ; 2.5 V        ; 0 in              ; 0 H/in                  ; 0 F/in                  ; short         ; -                   ; open           ; open             ; open   ; 0 in             ; 0 H/in                 ; 0 F/in                 ; short        ; open          ; open            ; open  ; 0 V                 ; -                  ; n/a           ; n/a             ; n/a         ;
; Q2            ; 2.5 V        ; 0 in              ; 0 H/in                  ; 0 F/in                  ; short         ; -                   ; open           ; open             ; open   ; 0 in             ; 0 H/in                 ; 0 F/in                 ; short        ; open          ; open            ; open  ; 0 V                 ; -                  ; n/a           ; n/a             ; n/a         ;
; ~ALTERA_DCLK~ ; 2.5 V        ; 0 in              ; 0 H/in                  ; 0 F/in                  ; short         ; -                   ; open           ; open             ; open   ; 0 in             ; 0 H/in                 ; 0 F/in                 ; short        ; open          ; open            ; open  ; 0 V                 ; -                  ; n/a           ; n/a             ; n/a         ;
; ~ALTERA_nCEO~ ; 2.5 V        ; 0 in              ; 0 H/in                  ; 0 F/in                  ; short         ; -                   ; open           ; open             ; open   ; 0 in             ; 0 H/in                 ; 0 F/in                 ; short        ; open          ; open            ; open  ; 0 V                 ; -                  ; n/a           ; n/a             ; n/a         ;
+---------------+--------------+-------------------+-------------------------+-------------------------+---------------+---------------------+----------------+------------------+--------+------------------+------------------------+------------------------+--------------+---------------+-----------------+-------+---------------------+--------------------+---------------+-----------------+-------------+


+----------------------------------------------------------------------------+
; Input Transition Times                                                     ;
+-------------------------+--------------+-----------------+-----------------+
; Pin                     ; I/O Standard ; 10-90 Rise Time ; 90-10 Fall Time ;
+-------------------------+--------------+-----------------+-----------------+
; CLK                     ; 2.5 V        ; 2000 ps         ; 2000 ps         ;
; ~ALTERA_ASDO_DATA1~     ; 2.5 V        ; 2000 ps         ; 2000 ps         ;
; ~ALTERA_FLASH_nCE_nCSO~ ; 2.5 V        ; 2000 ps         ; 2000 ps         ;
; ~ALTERA_DATA0~          ; 2.5 V        ; 2000 ps         ; 2000 ps         ;
+-------------------------+--------------+-----------------+-----------------+


+--------------------------------------------------------------------------------------------------------------------------------------------------------------------------------------------------------------------------------------------------------------------------------------------------------------------------------------------------------------------------------------------------------------------------------------------------------------------------------------------------------------------------------------------------------------------------------------------------------------------------------------------------------------------------------------------+
; Signal Integrity Metrics (Slow 1200mv 0c Model)                                                                                                                                                                                                                                                                                                                                                                                                                                                                                                                                                                                                                                            ;
+---------------+--------------+---------------------+---------------------+------------------------------+------------------------------+---------------------+---------------------+--------------------------------------+--------------------------------------+-----------------------------+-----------------------------+----------------------------+----------------------------+-----------------------------+-----------------------------+--------------------+--------------------+-------------------------------------+-------------------------------------+----------------------------+----------------------------+---------------------------+---------------------------+
; Pin           ; I/O Standard ; Board Delay on Rise ; Board Delay on Fall ; Steady State Voh at FPGA Pin ; Steady State Vol at FPGA Pin ; Voh Max at FPGA Pin ; Vol Min at FPGA Pin ; Ringback Voltage on Rise at FPGA Pin ; Ringback Voltage on Fall at FPGA Pin ; 10-90 Rise Time at FPGA Pin ; 90-10 Fall Time at FPGA Pin ; Monotonic Rise at FPGA Pin ; Monotonic Fall at FPGA Pin ; Steady State Voh at Far-end ; Steady State Vol at Far-end ; Voh Max at Far-end ; Vol Min at Far-end ; Ringback Voltage on Rise at Far-end ; Ringback Voltage on Fall at Far-end ; 10-90 Rise Time at Far-end ; 90-10 Fall Time at Far-end ; Monotonic Rise at Far-end ; Monotonic Fall at Far-end ;
+---------------+--------------+---------------------+---------------------+------------------------------+------------------------------+---------------------+---------------------+--------------------------------------+--------------------------------------+-----------------------------+-----------------------------+----------------------------+----------------------------+-----------------------------+-----------------------------+--------------------+--------------------+-------------------------------------+-------------------------------------+----------------------------+----------------------------+---------------------------+---------------------------+
; C60           ; 2.5 V        ; 0 s                 ; 0 s                 ; 2.32 V                       ; 4.49e-09 V                   ; 2.38 V              ; -0.00552 V          ; 0.096 V                              ; 0.019 V                              ; 4.18e-10 s                  ; 3.59e-10 s                  ; No                         ; Yes                        ; 2.32 V                      ; 4.49e-09 V                  ; 2.38 V             ; -0.00552 V         ; 0.096 V                             ; 0.019 V                             ; 4.18e-10 s                 ; 3.59e-10 s                 ; No                        ; Yes                       ;
; BQ3           ; 2.5 V        ; 0 s                 ; 0 s                 ; 2.32 V                       ; 4.49e-09 V                   ; 2.38 V              ; -0.00552 V          ; 0.096 V                              ; 0.019 V                              ; 4.18e-10 s                  ; 3.59e-10 s                  ; No                         ; Yes                        ; 2.32 V                      ; 4.49e-09 V                  ; 2.38 V             ; -0.00552 V         ; 0.096 V                             ; 0.019 V                             ; 4.18e-10 s                 ; 3.59e-10 s                 ; No                        ; Yes                       ;
; BQ2           ; 2.5 V        ; 0 s                 ; 0 s                 ; 2.32 V                       ; 4.49e-09 V                   ; 2.38 V              ; -0.00552 V          ; 0.096 V                              ; 0.019 V                              ; 4.18e-10 s                  ; 3.59e-10 s                  ; No                         ; Yes                        ; 2.32 V                      ; 4.49e-09 V                  ; 2.38 V             ; -0.00552 V         ; 0.096 V                             ; 0.019 V                             ; 4.18e-10 s                 ; 3.59e-10 s                 ; No                        ; Yes                       ;
; BQ1           ; 2.5 V        ; 0 s                 ; 0 s                 ; 2.32 V                       ; 4.49e-09 V                   ; 2.38 V              ; -0.00552 V          ; 0.096 V                              ; 0.019 V                              ; 4.18e-10 s                  ; 3.59e-10 s                  ; No                         ; Yes                        ; 2.32 V                      ; 4.49e-09 V                  ; 2.38 V             ; -0.00552 V         ; 0.096 V                             ; 0.019 V                             ; 4.18e-10 s                 ; 3.59e-10 s                 ; No                        ; Yes                       ;
; BQ0           ; 2.5 V        ; 0 s                 ; 0 s                 ; 2.32 V                       ; 4.49e-09 V                   ; 2.38 V              ; -0.00552 V          ; 0.096 V                              ; 0.019 V                              ; 4.18e-10 s                  ; 3.59e-10 s                  ; No                         ; Yes                        ; 2.32 V                      ; 4.49e-09 V                  ; 2.38 V             ; -0.00552 V         ; 0.096 V                             ; 0.019 V                             ; 4.18e-10 s                 ; 3.59e-10 s                 ; No                        ; Yes                       ;
; Q1            ; 2.5 V        ; 0 s                 ; 0 s                 ; 2.32 V                       ; 4.49e-09 V                   ; 2.38 V              ; -0.00552 V          ; 0.096 V                              ; 0.019 V                              ; 4.18e-10 s                  ; 3.59e-10 s                  ; No                         ; Yes                        ; 2.32 V                      ; 4.49e-09 V                  ; 2.38 V             ; -0.00552 V         ; 0.096 V                             ; 0.019 V                             ; 4.18e-10 s                 ; 3.59e-10 s                 ; No                        ; Yes                       ;
; Q0            ; 2.5 V        ; 0 s                 ; 0 s                 ; 2.32 V                       ; 4.49e-09 V                   ; 2.38 V              ; -0.00552 V          ; 0.096 V                              ; 0.019 V                              ; 4.18e-10 s                  ; 3.59e-10 s                  ; No                         ; Yes                        ; 2.32 V                      ; 4.49e-09 V                  ; 2.38 V             ; -0.00552 V         ; 0.096 V                             ; 0.019 V                             ; 4.18e-10 s                 ; 3.59e-10 s                 ; No                        ; Yes                       ;
; Q2            ; 2.5 V        ; 0 s                 ; 0 s                 ; 2.32 V                       ; 4.49e-09 V                   ; 2.38 V              ; -0.00552 V          ; 0.096 V                              ; 0.019 V                              ; 4.18e-10 s                  ; 3.59e-10 s                  ; No                         ; Yes                        ; 2.32 V                      ; 4.49e-09 V                  ; 2.38 V             ; -0.00552 V         ; 0.096 V                             ; 0.019 V                             ; 4.18e-10 s                 ; 3.59e-10 s                 ; No                        ; Yes                       ;
; ~ALTERA_DCLK~ ; 2.5 V        ; 0 s                 ; 0 s                 ; 2.32 V                       ; 2.67e-09 V                   ; 2.38 V              ; -0.0485 V           ; 0.167 V                              ; 0.096 V                              ; 2.95e-10 s                  ; 2.73e-10 s                  ; Yes                        ; Yes                        ; 2.32 V                      ; 2.67e-09 V                  ; 2.38 V             ; -0.0485 V          ; 0.167 V                             ; 0.096 V                             ; 2.95e-10 s                 ; 2.73e-10 s                 ; Yes                       ; Yes                       ;
; ~ALTERA_nCEO~ ; 2.5 V        ; 0 s                 ; 0 s                 ; 2.32 V                       ; 4.18e-09 V                   ; 2.38 V              ; -0.00483 V          ; 0.152 V                              ; 0.012 V                              ; 4.81e-10 s                  ; 6.29e-10 s                  ; Yes                        ; Yes                        ; 2.32 V                      ; 4.18e-09 V                  ; 2.38 V             ; -0.00483 V         ; 0.152 V                             ; 0.012 V                             ; 4.81e-10 s                 ; 6.29e-10 s                 ; Yes                       ; Yes                       ;
+---------------+--------------+---------------------+---------------------+------------------------------+------------------------------+---------------------+---------------------+--------------------------------------+--------------------------------------+-----------------------------+-----------------------------+----------------------------+----------------------------+-----------------------------+-----------------------------+--------------------+--------------------+-------------------------------------+-------------------------------------+----------------------------+----------------------------+---------------------------+---------------------------+


+--------------------------------------------------------------------------------------------------------------------------------------------------------------------------------------------------------------------------------------------------------------------------------------------------------------------------------------------------------------------------------------------------------------------------------------------------------------------------------------------------------------------------------------------------------------------------------------------------------------------------------------------------------------------------------------------+
; Signal Integrity Metrics (Slow 1200mv 85c Model)                                                                                                                                                                                                                                                                                                                                                                                                                                                                                                                                                                                                                                           ;
+---------------+--------------+---------------------+---------------------+------------------------------+------------------------------+---------------------+---------------------+--------------------------------------+--------------------------------------+-----------------------------+-----------------------------+----------------------------+----------------------------+-----------------------------+-----------------------------+--------------------+--------------------+-------------------------------------+-------------------------------------+----------------------------+----------------------------+---------------------------+---------------------------+
; Pin           ; I/O Standard ; Board Delay on Rise ; Board Delay on Fall ; Steady State Voh at FPGA Pin ; Steady State Vol at FPGA Pin ; Voh Max at FPGA Pin ; Vol Min at FPGA Pin ; Ringback Voltage on Rise at FPGA Pin ; Ringback Voltage on Fall at FPGA Pin ; 10-90 Rise Time at FPGA Pin ; 90-10 Fall Time at FPGA Pin ; Monotonic Rise at FPGA Pin ; Monotonic Fall at FPGA Pin ; Steady State Voh at Far-end ; Steady State Vol at Far-end ; Voh Max at Far-end ; Vol Min at Far-end ; Ringback Voltage on Rise at Far-end ; Ringback Voltage on Fall at Far-end ; 10-90 Rise Time at Far-end ; 90-10 Fall Time at Far-end ; Monotonic Rise at Far-end ; Monotonic Fall at Far-end ;
+---------------+--------------+---------------------+---------------------+------------------------------+------------------------------+---------------------+---------------------+--------------------------------------+--------------------------------------+-----------------------------+-----------------------------+----------------------------+----------------------------+-----------------------------+-----------------------------+--------------------+--------------------+-------------------------------------+-------------------------------------+----------------------------+----------------------------+---------------------------+---------------------------+
; C60           ; 2.5 V        ; 0 s                 ; 0 s                 ; 2.32 V                       ; 6.92e-07 V                   ; 2.35 V              ; -0.00996 V          ; 0.121 V                              ; 0.03 V                               ; 4.64e-10 s                  ; 4.47e-10 s                  ; Yes                        ; Yes                        ; 2.32 V                      ; 6.92e-07 V                  ; 2.35 V             ; -0.00996 V         ; 0.121 V                             ; 0.03 V                              ; 4.64e-10 s                 ; 4.47e-10 s                 ; Yes                       ; Yes                       ;
; BQ3           ; 2.5 V        ; 0 s                 ; 0 s                 ; 2.32 V                       ; 6.92e-07 V                   ; 2.35 V              ; -0.00996 V          ; 0.121 V                              ; 0.03 V                               ; 4.64e-10 s                  ; 4.47e-10 s                  ; Yes                        ; Yes                        ; 2.32 V                      ; 6.92e-07 V                  ; 2.35 V             ; -0.00996 V         ; 0.121 V                             ; 0.03 V                              ; 4.64e-10 s                 ; 4.47e-10 s                 ; Yes                       ; Yes                       ;
; BQ2           ; 2.5 V        ; 0 s                 ; 0 s                 ; 2.32 V                       ; 6.92e-07 V                   ; 2.35 V              ; -0.00996 V          ; 0.121 V                              ; 0.03 V                               ; 4.64e-10 s                  ; 4.47e-10 s                  ; Yes                        ; Yes                        ; 2.32 V                      ; 6.92e-07 V                  ; 2.35 V             ; -0.00996 V         ; 0.121 V                             ; 0.03 V                              ; 4.64e-10 s                 ; 4.47e-10 s                 ; Yes                       ; Yes                       ;
; BQ1           ; 2.5 V        ; 0 s                 ; 0 s                 ; 2.32 V                       ; 6.92e-07 V                   ; 2.35 V              ; -0.00996 V          ; 0.121 V                              ; 0.03 V                               ; 4.64e-10 s                  ; 4.47e-10 s                  ; Yes                        ; Yes                        ; 2.32 V                      ; 6.92e-07 V                  ; 2.35 V             ; -0.00996 V         ; 0.121 V                             ; 0.03 V                              ; 4.64e-10 s                 ; 4.47e-10 s                 ; Yes                       ; Yes                       ;
; BQ0           ; 2.5 V        ; 0 s                 ; 0 s                 ; 2.32 V                       ; 6.92e-07 V                   ; 2.35 V              ; -0.00996 V          ; 0.121 V                              ; 0.03 V                               ; 4.64e-10 s                  ; 4.47e-10 s                  ; Yes                        ; Yes                        ; 2.32 V                      ; 6.92e-07 V                  ; 2.35 V             ; -0.00996 V         ; 0.121 V                             ; 0.03 V                              ; 4.64e-10 s                 ; 4.47e-10 s                 ; Yes                       ; Yes                       ;
; Q1            ; 2.5 V        ; 0 s                 ; 0 s                 ; 2.32 V                       ; 6.92e-07 V                   ; 2.35 V              ; -0.00996 V          ; 0.121 V                              ; 0.03 V                               ; 4.64e-10 s                  ; 4.47e-10 s                  ; Yes                        ; Yes                        ; 2.32 V                      ; 6.92e-07 V                  ; 2.35 V             ; -0.00996 V         ; 0.121 V                             ; 0.03 V                              ; 4.64e-10 s                 ; 4.47e-10 s                 ; Yes                       ; Yes                       ;
; Q0            ; 2.5 V        ; 0 s                 ; 0 s                 ; 2.32 V                       ; 6.92e-07 V                   ; 2.35 V              ; -0.00996 V          ; 0.121 V                              ; 0.03 V                               ; 4.64e-10 s                  ; 4.47e-10 s                  ; Yes                        ; Yes                        ; 2.32 V                      ; 6.92e-07 V                  ; 2.35 V             ; -0.00996 V         ; 0.121 V                             ; 0.03 V                              ; 4.64e-10 s                 ; 4.47e-10 s                 ; Yes                       ; Yes                       ;
; Q2            ; 2.5 V        ; 0 s                 ; 0 s                 ; 2.32 V                       ; 6.92e-07 V                   ; 2.35 V              ; -0.00996 V          ; 0.121 V                              ; 0.03 V                               ; 4.64e-10 s                  ; 4.47e-10 s                  ; Yes                        ; Yes                        ; 2.32 V                      ; 6.92e-07 V                  ; 2.35 V             ; -0.00996 V         ; 0.121 V                             ; 0.03 V                              ; 4.64e-10 s                 ; 4.47e-10 s                 ; Yes                       ; Yes                       ;
; ~ALTERA_DCLK~ ; 2.5 V        ; 0 s                 ; 0 s                 ; 2.32 V                       ; 3.75e-07 V                   ; 2.35 V              ; -0.0109 V           ; 0.084 V                              ; 0.027 V                              ; 4.31e-10 s                  ; 3.61e-10 s                  ; Yes                        ; Yes                        ; 2.32 V                      ; 3.75e-07 V                  ; 2.35 V             ; -0.0109 V          ; 0.084 V                             ; 0.027 V                             ; 4.31e-10 s                 ; 3.61e-10 s                 ; Yes                       ; Yes                       ;
; ~ALTERA_nCEO~ ; 2.5 V        ; 0 s                 ; 0 s                 ; 2.32 V                       ; 6.15e-07 V                   ; 2.35 V              ; -0.00712 V          ; 0.093 V                              ; 0.02 V                               ; 6.21e-10 s                  ; 7.9e-10 s                   ; Yes                        ; Yes                        ; 2.32 V                      ; 6.15e-07 V                  ; 2.35 V             ; -0.00712 V         ; 0.093 V                             ; 0.02 V                              ; 6.21e-10 s                 ; 7.9e-10 s                  ; Yes                       ; Yes                       ;
+---------------+--------------+---------------------+---------------------+------------------------------+------------------------------+---------------------+---------------------+--------------------------------------+--------------------------------------+-----------------------------+-----------------------------+----------------------------+----------------------------+-----------------------------+-----------------------------+--------------------+--------------------+-------------------------------------+-------------------------------------+----------------------------+----------------------------+---------------------------+---------------------------+


+--------------------------------------------------------------------------------------------------------------------------------------------------------------------------------------------------------------------------------------------------------------------------------------------------------------------------------------------------------------------------------------------------------------------------------------------------------------------------------------------------------------------------------------------------------------------------------------------------------------------------------------------------------------------------------------------+
; Signal Integrity Metrics (Fast 1200mv 0c Model)                                                                                                                                                                                                                                                                                                                                                                                                                                                                                                                                                                                                                                            ;
+---------------+--------------+---------------------+---------------------+------------------------------+------------------------------+---------------------+---------------------+--------------------------------------+--------------------------------------+-----------------------------+-----------------------------+----------------------------+----------------------------+-----------------------------+-----------------------------+--------------------+--------------------+-------------------------------------+-------------------------------------+----------------------------+----------------------------+---------------------------+---------------------------+
; Pin           ; I/O Standard ; Board Delay on Rise ; Board Delay on Fall ; Steady State Voh at FPGA Pin ; Steady State Vol at FPGA Pin ; Voh Max at FPGA Pin ; Vol Min at FPGA Pin ; Ringback Voltage on Rise at FPGA Pin ; Ringback Voltage on Fall at FPGA Pin ; 10-90 Rise Time at FPGA Pin ; 90-10 Fall Time at FPGA Pin ; Monotonic Rise at FPGA Pin ; Monotonic Fall at FPGA Pin ; Steady State Voh at Far-end ; Steady State Vol at Far-end ; Voh Max at Far-end ; Vol Min at Far-end ; Ringback Voltage on Rise at Far-end ; Ringback Voltage on Fall at Far-end ; 10-90 Rise Time at Far-end ; 90-10 Fall Time at Far-end ; Monotonic Rise at Far-end ; Monotonic Fall at Far-end ;
+---------------+--------------+---------------------+---------------------+------------------------------+------------------------------+---------------------+---------------------+--------------------------------------+--------------------------------------+-----------------------------+-----------------------------+----------------------------+----------------------------+-----------------------------+-----------------------------+--------------------+--------------------+-------------------------------------+-------------------------------------+----------------------------+----------------------------+---------------------------+---------------------------+
; C60           ; 2.5 V        ; 0 s                 ; 0 s                 ; 2.62 V                       ; 4.05e-08 V                   ; 2.72 V              ; -0.0349 V           ; 0.173 V                              ; 0.1 V                                ; 2.72e-10 s                  ; 2.69e-10 s                  ; Yes                        ; Yes                        ; 2.62 V                      ; 4.05e-08 V                  ; 2.72 V             ; -0.0349 V          ; 0.173 V                             ; 0.1 V                               ; 2.72e-10 s                 ; 2.69e-10 s                 ; Yes                       ; Yes                       ;
; BQ3           ; 2.5 V        ; 0 s                 ; 0 s                 ; 2.62 V                       ; 4.05e-08 V                   ; 2.72 V              ; -0.0349 V           ; 0.173 V                              ; 0.1 V                                ; 2.72e-10 s                  ; 2.69e-10 s                  ; Yes                        ; Yes                        ; 2.62 V                      ; 4.05e-08 V                  ; 2.72 V             ; -0.0349 V          ; 0.173 V                             ; 0.1 V                               ; 2.72e-10 s                 ; 2.69e-10 s                 ; Yes                       ; Yes                       ;
; BQ2           ; 2.5 V        ; 0 s                 ; 0 s                 ; 2.62 V                       ; 4.05e-08 V                   ; 2.72 V              ; -0.0349 V           ; 0.173 V                              ; 0.1 V                                ; 2.72e-10 s                  ; 2.69e-10 s                  ; Yes                        ; Yes                        ; 2.62 V                      ; 4.05e-08 V                  ; 2.72 V             ; -0.0349 V          ; 0.173 V                             ; 0.1 V                               ; 2.72e-10 s                 ; 2.69e-10 s                 ; Yes                       ; Yes                       ;
; BQ1           ; 2.5 V        ; 0 s                 ; 0 s                 ; 2.62 V                       ; 4.05e-08 V                   ; 2.72 V              ; -0.0349 V           ; 0.173 V                              ; 0.1 V                                ; 2.72e-10 s                  ; 2.69e-10 s                  ; Yes                        ; Yes                        ; 2.62 V                      ; 4.05e-08 V                  ; 2.72 V             ; -0.0349 V          ; 0.173 V                             ; 0.1 V                               ; 2.72e-10 s                 ; 2.69e-10 s                 ; Yes                       ; Yes                       ;
; BQ0           ; 2.5 V        ; 0 s                 ; 0 s                 ; 2.62 V                       ; 4.05e-08 V                   ; 2.72 V              ; -0.0349 V           ; 0.173 V                              ; 0.1 V                                ; 2.72e-10 s                  ; 2.69e-10 s                  ; Yes                        ; Yes                        ; 2.62 V                      ; 4.05e-08 V                  ; 2.72 V             ; -0.0349 V          ; 0.173 V                             ; 0.1 V                               ; 2.72e-10 s                 ; 2.69e-10 s                 ; Yes                       ; Yes                       ;
; Q1            ; 2.5 V        ; 0 s                 ; 0 s                 ; 2.62 V                       ; 4.05e-08 V                   ; 2.72 V              ; -0.0349 V           ; 0.173 V                              ; 0.1 V                                ; 2.72e-10 s                  ; 2.69e-10 s                  ; Yes                        ; Yes                        ; 2.62 V                      ; 4.05e-08 V                  ; 2.72 V             ; -0.0349 V          ; 0.173 V                             ; 0.1 V                               ; 2.72e-10 s                 ; 2.69e-10 s                 ; Yes                       ; Yes                       ;
; Q0            ; 2.5 V        ; 0 s                 ; 0 s                 ; 2.62 V                       ; 4.05e-08 V                   ; 2.72 V              ; -0.0349 V           ; 0.173 V                              ; 0.1 V                                ; 2.72e-10 s                  ; 2.69e-10 s                  ; Yes                        ; Yes                        ; 2.62 V                      ; 4.05e-08 V                  ; 2.72 V             ; -0.0349 V          ; 0.173 V                             ; 0.1 V                               ; 2.72e-10 s                 ; 2.69e-10 s                 ; Yes                       ; Yes                       ;
; Q2            ; 2.5 V        ; 0 s                 ; 0 s                 ; 2.62 V                       ; 4.05e-08 V                   ; 2.72 V              ; -0.0349 V           ; 0.173 V                              ; 0.1 V                                ; 2.72e-10 s                  ; 2.69e-10 s                  ; Yes                        ; Yes                        ; 2.62 V                      ; 4.05e-08 V                  ; 2.72 V             ; -0.0349 V          ; 0.173 V                             ; 0.1 V                               ; 2.72e-10 s                 ; 2.69e-10 s                 ; Yes                       ; Yes                       ;
; ~ALTERA_DCLK~ ; 2.5 V        ; 0 s                 ; 0 s                 ; 2.62 V                       ; 2.22e-08 V                   ; 2.74 V              ; -0.06 V             ; 0.158 V                              ; 0.08 V                               ; 2.68e-10 s                  ; 2.19e-10 s                  ; Yes                        ; Yes                        ; 2.62 V                      ; 2.22e-08 V                  ; 2.74 V             ; -0.06 V            ; 0.158 V                             ; 0.08 V                              ; 2.68e-10 s                 ; 2.19e-10 s                 ; Yes                       ; Yes                       ;
; ~ALTERA_nCEO~ ; 2.5 V        ; 0 s                 ; 0 s                 ; 2.62 V                       ; 3.54e-08 V                   ; 2.7 V               ; -0.00943 V          ; 0.276 V                              ; 0.035 V                              ; 3.19e-10 s                  ; 4.99e-10 s                  ; No                         ; Yes                        ; 2.62 V                      ; 3.54e-08 V                  ; 2.7 V              ; -0.00943 V         ; 0.276 V                             ; 0.035 V                             ; 3.19e-10 s                 ; 4.99e-10 s                 ; No                        ; Yes                       ;
+---------------+--------------+---------------------+---------------------+------------------------------+------------------------------+---------------------+---------------------+--------------------------------------+--------------------------------------+-----------------------------+-----------------------------+----------------------------+----------------------------+-----------------------------+-----------------------------+--------------------+--------------------+-------------------------------------+-------------------------------------+----------------------------+----------------------------+---------------------------+---------------------------+


+-------------------------------------------------------------------+
; Setup Transfers                                                   ;
+------------+----------+----------+----------+----------+----------+
; From Clock ; To Clock ; RR Paths ; FR Paths ; RF Paths ; FF Paths ;
+------------+----------+----------+----------+----------+----------+
; CLK        ; CLK      ; 25       ; 0        ; 0        ; 0        ;
+------------+----------+----------+----------+----------+----------+
Entries labeled "false path" only account for clock-to-clock false paths and not path-based false paths. As a result, actual path counts may be lower than reported.


+-------------------------------------------------------------------+
; Hold Transfers                                                    ;
+------------+----------+----------+----------+----------+----------+
; From Clock ; To Clock ; RR Paths ; FR Paths ; RF Paths ; FF Paths ;
+------------+----------+----------+----------+----------+----------+
; CLK        ; CLK      ; 25       ; 0        ; 0        ; 0        ;
+------------+----------+----------+----------+----------+----------+
Entries labeled "false path" only account for clock-to-clock false paths and not path-based false paths. As a result, actual path counts may be lower than reported.


---------------
; Report TCCS ;
---------------
No dedicated SERDES Transmitter circuitry present in device or used in design


---------------
; Report RSKM ;
---------------
No dedicated SERDES Receiver circuitry present in device or used in design


+------------------------------------------------+
; Unconstrained Paths                            ;
+---------------------------------+-------+------+
; Property                        ; Setup ; Hold ;
+---------------------------------+-------+------+
; Illegal Clocks                  ; 0     ; 0    ;
; Unconstrained Clocks            ; 0     ; 0    ;
; Unconstrained Input Ports       ; 0     ; 0    ;
; Unconstrained Input Port Paths  ; 0     ; 0    ;
; Unconstrained Output Ports      ; 8     ; 8    ;
; Unconstrained Output Port Paths ; 11    ; 11   ;
+---------------------------------+-------+------+


+------------------------------------+
; TimeQuest Timing Analyzer Messages ;
+------------------------------------+
Info: *******************************************************************
Info: Running Quartus II 64-Bit TimeQuest Timing Analyzer
    Info: Version 13.0.1 Build 232 06/12/2013 Service Pack 1 SJ Web Edition
    Info: Processing started: Wed Oct 07 11:50:22 2026
Info: Command: quartus_sta Lab2 -c Lab2
Info: qsta_default_script.tcl version: #1
Warning (20028): Parallel compilation is not licensed and has been disabled
Info (21077): Core supply voltage is 1.2V
Info (21077): Low junction temperature is 0 degrees C
Info (21077): High junction temperature is 85 degrees C
Info (332104): Reading SDC File: 'Lab2.sdc'
Warning (332174): Ignored filter at Lab2.sdc(26): BCDLCK could not be matched with a port
Warning (332049): Ignored create_clock at Lab2.sdc(26): Argument <targets> is an empty collection
    Info (332050): create_clock -name "BCDCLK" -period 20.000ns [get_ports {BCDLCK}]
Info (332151): Clock uncertainty is not calculated until you update the timing netlist.
Info (332142): No user constrained base clocks found in the design. Calling "derive_clocks -period 1.0"
Info (332105): Deriving Clocks
    Info (332105): create_clock -period 1.000 -name CLK CLK
Info (332123): Deriving Clock Uncertainty. Please refer to report_sdc in TimeQuest to see clock uncertainties.
Info: Found TIMEQUEST_REPORT_SCRIPT_INCLUDE_DEFAULT_ANALYSIS = ON
Info: Analyzing Slow 1200mV 85C Model
Critical Warning (332148): Timing requirements not met
    Info (11105): For recommendations on closing timing, run Report Timing Closure Recommendations in the TimeQuest Timing Analyzer.
Info (332146): Worst-case setup slack is -0.541
    Info (332119):     Slack End Point TNS Clock 
    Info (332119): ========= ============= =====================
    Info (332119):    -0.541        -2.220 CLK 
Info (332146): Worst-case hold slack is 0.402
    Info (332119):     Slack End Point TNS Clock 
    Info (332119): ========= ============= =====================
    Info (332119):     0.402         0.000 CLK 
Info (332140): No Recovery paths to report
Info (332140): No Removal paths to report
Info (332146): Worst-case minimum pulse width slack is -3.000
    Info (332119):     Slack End Point TNS Clock 
    Info (332119): ========= ============= =====================
    Info (332119):    -3.000       -11.995 CLK 
Info: Analyzing Slow 1200mV 0C Model
Info (334003): Started post-fitting delay annotation
Info (334004): Delay annotation completed successfully
Info (332123): Deriving Clock Uncertainty. Please refer to report_sdc in TimeQuest to see clock uncertainties.
Critical Warning (332148): Timing requirements not met
    Info (11105): For recommendations on closing timing, run Report Timing Closure Recommendations in the TimeQuest Timing Analyzer.
Info (332146): Worst-case setup slack is -0.388
    Info (332119):     Slack End Point TNS Clock 
    Info (332119): ========= ============= =====================
    Info (332119):    -0.388        -1.389 CLK 
Info (332146): Worst-case hold slack is 0.354
    Info (332119):     Slack End Point TNS Clock 
    Info (332119): ========= ============= =====================
    Info (332119):     0.354         0.000 CLK 
Info (332140): No Recovery paths to report
Info (332140): No Removal paths to report
Info (332146): Worst-case minimum pulse width slack is -3.000
    Info (332119):     Slack End Point TNS Clock 
    Info (332119): ========= ============= =====================
    Info (332119):    -3.000       -11.995 CLK 
Info: Analyzing Fast 1200mV 0C Model
Info (332123): Deriving Clock Uncertainty. Please refer to report_sdc in TimeQuest to see clock uncertainties.
Info (332146): Worst-case setup slack is 0.244
    Info (332119):     Slack End Point TNS Clock 
    Info (332119): ========= ============= =====================
    Info (332119):     0.244         0.000 CLK 
Info (332146): Worst-case hold slack is 0.181
    Info (332119):     Slack End Point TNS Clock 
    Info (332119): ========= ============= =====================
    Info (332119):     0.181         0.000 CLK 
Info (332140): No Recovery paths to report
Info (332140): No Removal paths to report
Critical Warning (332148): Timing requirements not met
    Info (11105): For recommendations on closing timing, run Report Timing Closure Recommendations in the TimeQuest Timing Analyzer.
Info (332146): Worst-case minimum pulse width slack is -3.000
    Info (332119):     Slack End Point TNS Clock 
    Info (332119): ========= ============= =====================
    Info (332119):    -3.000       -10.392 CLK 
Info (332102): Design is not fully constrained for setup requirements
Info (332102): Design is not fully constrained for hold requirements
Info: Quartus II 64-Bit TimeQuest Timing Analyzer was successful. 0 errors, 6 warnings
    Info: Peak virtual memory: 4653 megabytes
    Info: Processing ended: Wed Oct 07 11:50:25 2026
    Info: Elapsed time: 00:00:03
    Info: Total CPU time (on all processors): 00:00:02


